"","lat","lon"
"1",55.7334705,11.545304
"2",55.308366,12.1983778
"3",55.2328252,11.7674102
"4",55.2328252,11.7674102
"5",55.446817,11.7975218
"6",55.446817,11.7975218
"7",55.3271115,11.9567297
"8",55.2328252,11.7674102
"9",55.446817,11.7975218
"10",55.4565009,12.1818964
"11",55.3135052,11.752538
"12",54.7646137,11.8709918
"13",55.3271115,11.9567297
"14",54.7646137,11.8709918
"15",55.446817,11.7975218
"16",55.7186117,11.7135474
"17",55.7186117,11.7135474
"18",55.6433478,12.0819247
"19",55.6433478,12.0819247
"20",55.0102518,11.9097478
"21",54.7758018,11.5054333
"22",55.6833793,11.0993619
"23",55.1178943,12.0538374
"24",55.5833746,12.2999286
"25",55.3833436,12.282865
"26",54.8717325,11.7447134
"27",55.4565009,12.1818964
"28",55.0102518,11.9097478
"29",55.7186117,11.7135474
"30",54.8368883,11.3647404
"31",55.7186117,11.7135474
"32",55.2328252,11.7674102
"33",55.4061196,11.3525415
"34",55.5833746,12.2999286
"35",54.70862675,11.9254088479669
"36",55.5833746,12.2999286
"37",55.6433478,12.0819247
"38",55.6433478,12.0819247
"39",55.2328252,11.7674102
"40",55.6433478,12.0819247
"41",55.2328252,11.7674102
"42",55.3266045,11.1425876
"43",55.2563089,12.0284843
"44",55.4365822,11.5629363
"45",54.70862675,11.9254088479669
"46",55.6433478,12.0819247
"47",55.566255,12.2697411
"48",55.4365822,11.5629363
"49",54.7646137,11.8709918
"50",55.6433478,12.0819247
"51",55.6433478,12.0819247
"52",55.7186117,11.7135474
"53",55.4061196,11.3525415
"54",55.4061196,11.3525415
"55",55.5833746,12.2999286
"56",54.8304979,11.1493517
"57",55.2328252,11.7674102
"58",54.89846865,11.8733567968543
"59",55.3271115,11.9567297
"60",55.2328252,11.7674102
"61",55.2328252,11.7674102
"62",55.5417276,11.3758707386627
"63",54.7646137,11.8709918
"64",55.6433478,12.0819247
"65",55.6433478,12.0819247
"66",55.4061196,11.3525415
"67",54.7646137,11.8709918
"68",55.7535209,12.1086079
"69",55.6833793,11.0993619
"70",55.8519079,11.5845861
"71",55.41119725,12.1429376107222
"72",54.8304979,11.1493517
"73",55.6433478,12.0819247
"74",55.4061196,11.3525415
"75",54.7646137,11.8709918
"76",55.4565009,12.1818964
"77",55.4565009,12.1818964
"78",55.5427639,11.6501383
"79",55.5957,12.1818152
"80",55.2328252,11.7674102
"81",55.7186117,11.7135474
"82",55.6433478,12.0819247
"83",55.6433478,12.0819247
"84",55.9233493,11.6689532
"85",55.566255,12.2697411
"86",55.6433478,12.0819247
"87",55.6833793,11.0993619
"88",55.3025788,11.5455149483297
"89",55.4061196,11.3525415
"90",55.4565009,12.1818964
"91",55.6833793,11.0993619
"92",55.4565009,12.1818964
"93",55.4061196,11.3525415
"94",55.2328252,11.7674102
"95",55.4365822,11.5629363
"96",58.06166025,8.00491280027565
"97",55.3266045,11.1425876
"98",55.6433478,12.0819247
"99",55.6433478,12.0819247
"100",55.2328252,11.7674102
"101",55.308366,12.1983778
"102",55.6433478,12.0819247
"103",54.7646137,11.8709918
"104",55.4061196,11.3525415
"105",55.4565009,12.1818964
"106",55.4565009,12.1818964
"107",54.8304979,11.1493517
"108",54.7646137,11.8709918
"109",55.6605319,11.4081794
"110",55.4565009,12.1818964
"111",55.6433478,12.0819247
"112",55.2328252,11.7674102
"113",55.2328252,11.7674102
"114",55.4565009,12.1818964
"115",55.6433478,12.0819247
"116",54.70862675,11.9254088479669
"117",55.6433478,12.0819247
"118",55.613063,11.7438673
"119",55.4061196,11.3525415
"120",55.4565009,12.1818964
"121",54.8304979,11.1493517
"122",55.6833793,11.0993619
"123",54.70862675,11.9254088479669
"124",55.5154427,11.8664484
"125",55.97177885,11.3440679222357
"126",55.2328252,11.7674102
"127",55.4565009,12.1818964
"128",55.9233493,11.6689532
"129",55.4365822,11.5629363
"130",55.7186117,11.7135474
"131",55.6433478,12.0819247
"132",55.5320724179675,12.2131254061856
"133",55.2328252,11.7674102
"134",55.446817,11.7975218
"135",55.4565009,12.1818964
"136",54.8304979,11.1493517
"137",55.2328252,11.7674102
"138",55.566255,12.2697411
"139",55.4565009,12.1818964
"140",55.6433478,12.0819247
"141",55.4395395,11.6699861
"142",55.5833746,12.2999286
"143",54.7646137,11.8709918
"144",55.2521101,11.2942011
"145",55.7186117,11.7135474
"146",55.3271115,11.9567297
"147",55.3271115,11.9567297
"148",55.4565009,12.1818964
"149",55.4565009,12.1818964
"150",55.7882331,11.4697571
"151",55.4061196,11.3525415
"152",55.7535209,12.1086079
"153",55.7186117,11.7135474
"154",55.2328252,11.7674102
"155",55.6833793,11.0993619
"156",55.9233493,11.6689532
"157",54.6940639,11.3902205
"158",55.6833793,11.0993619
"159",55.25592915,12.1119358544833
"160",54.85566545,11.8819052598183
"161",54.75398185,11.7875407142801
"162",55.4061196,11.3525415
"163",55.353585,11.6956407
"164",54.70862675,11.9254088479669
"165",55.613063,11.7438673
"166",55.6433478,12.0819247
"167",54.6940639,11.3902205
"168",55.4565009,12.1818964
"169",55.3266045,11.1425876
"170",55.2328252,11.7674102
"171",55.5957,12.1818152
"172",55.2328252,11.7674102
"173",55.2328252,11.7674102
"174",55.7186117,11.7135474
"175",55.3271115,11.9567297
"176",55.2328252,11.7674102
"177",55.1648293,11.9793075
"178",55.5289218,11.4943548
"179",55.2172917668224,12.1599699607476
"180",54.6940639,11.3902205
"181",54.8869284,12.0373630293874
"182",55.5084661,11.2927612
"183",55.6433478,12.0819247
"184",55.3736274,12.0776055768188
"185",55.1780155,11.6468481
"186",54.85566545,11.8819052598183
"187",55.2328252,11.7674102
"188",55.650812,11.2867244
"189",55.4061196,11.3525415
"190",55.4061196,11.3525415
"191",54.9863794,12.2861344
"192",54.8124093,11.2709858
"193",55.4061196,11.3525415
"194",54.8124093,11.2709858
"195",55.7186117,11.7135474
"196",54.7646137,11.8709918
"197",55.7200463,11.4613759
"198",55.0102518,11.9097478
"199",54.7646137,11.8709918
"200",54.8304979,11.1493517
"201",55.4592469,12.0283637
"202",54.89846865,11.8733567968543
"203",55.53936625,11.593926315404
"204",55.1178943,12.0538374
"205",54.70862675,11.9254088479669
"206",55.4565009,12.1818964
"207",55.4565009,12.1818964
"208",55.4565009,12.1818964
"209",55.446817,11.7975218
"210",55.4365822,11.5629363
"211",55.6433478,12.0819247
"212",54.9863794,12.2861344
"213",55.3135052,11.752538
"214",55.286055,11.814786
"215",55.2328252,11.7674102
"216",55.6433478,12.0819247
"217",55.613063,11.7438673
"218",55.7186117,11.7135474
"219",41.1858702530571,-7.98776990968148
"220",55.4061196,11.3525415
"221",54.9863794,12.2861344
"222",55.2328252,11.7674102
"223",54.7646137,11.8709918
"224",55.0102518,11.9097478
"225",55.6833793,11.0993619
"226",55.2328252,11.7674102
"227",54.8304979,11.1493517
"228",55.5833746,12.2999286
"229",55.9233493,11.6689532
"230",54.8010004,11.6418000970077
"231",55.9233493,11.6689532
"232",54.96935985,11.541101239702
"233",55.6433478,12.0819247
"234",54.9863794,12.2861344
"235",55.4565009,12.1818964
"236",55.5404225,11.2272253
"237",55.5289218,11.4943548
"238",55.446817,11.7975218
"239",55.2328252,11.7674102
"240",55.4565009,12.1818964
"241",55.6433478,12.0819247
"242",54.8010004,11.6418000970077
"243",55.5320724179675,12.2131254061856
"244",55.0102518,11.9097478
"245",54.8869284,12.0373630293874
"246",55.6433478,12.0819247
"247",55.41119725,12.1429376107222
"248",55.6833793,11.0993619
"249",55.4365822,11.5629363
"250",55.2328252,11.7674102
"251",55.5320724179675,12.2131254061856
"252",54.7758018,11.5054333
"253",55.650812,11.2867244
"254",55.3266045,11.1425876
"255",55.1178943,12.0538374
"256",55.5084661,11.2927612
"257",54.9863794,12.2861344
"258",54.8304979,11.1493517
"259",55.5320724179675,12.2131254061856
"260",55.047753,12.0556228727188
"261",55.4365822,11.5629363
"262",55.4565009,12.1818964
"263",55.4565009,12.1818964
"264",55.6433478,12.0819247
"265",55.4061196,11.3525415
"266",55.2328252,11.7674102
"267",54.8304979,11.1493517
"268",55.25592915,12.1119358544833
"269",55.4365822,11.5629363
"270",55.2328252,11.7674102
"271",55.6433478,12.0819247
"272",55.7186117,11.7135474
"273",55.0102518,11.9097478
"274",55.6433478,12.0819247
"275",55.4365822,11.5629363
"276",55.2328252,11.7674102
"277",55.6433478,12.0819247
"278",54.9112213,11.2188932
"279",55.6433478,12.0819247
"280",55.613063,11.7438673
"281",55.2521101,11.2942011
"282",55.4061196,11.3525415
"283",55.3266045,11.1425876
"284",55.6833793,11.0993619
"285",55.4061196,11.3525415
"286",55.9233493,11.6689532
"287",54.7646137,11.8709918
"288",55.4061196,11.3525415
"289",55.446817,11.7975218
"290",54.7758018,11.5054333
"291",54.7646137,11.8709918
"292",55.3271115,11.9567297
"293",55.2328252,11.7674102
"294",55.9233493,11.6689532
"295",55.3833436,12.282865
"296",55.4565009,12.1818964
"297",54.70862675,11.9254088479669
"298",55.3266045,11.1425876
"299",55.5320724179675,12.2131254061856
"300",54.6940639,11.3902205
"301",55.6433478,12.0819247
"302",55.8148175,11.5006395
"303",55.0102518,11.9097478
"304",55.88706215,11.1464025977838
"305",55.446817,11.7975218
"306",55.2328252,11.7674102
"307",55.4061196,11.3525415
"308",54.89846865,11.8733567968543
"309",54.6940639,11.3902205
"310",55.4061196,11.3525415
"311",55.4061196,11.3525415
"312",55.5320724179675,12.2131254061856
"313",41.3304736,-8.7390221
"314",55.4061196,11.3525415
"315",55.6433478,12.0819247
"316",55.6833793,11.0993619
"317",55.0102518,11.9097478
"318",55.4565009,12.1818964
"319",55.9452985,11.7613881
"320",55.7186117,11.7135474
"321",54.6940639,11.3902205
"322",55.2328252,11.7674102
"323",55.6605319,11.4081794
"324",55.25592915,12.1119358544833
"325",55.5953424,11.8592384
"326",55.5404225,11.2272253
"327",54.7646137,11.8709918
"328",55.5833746,12.2999286
"329",55.6605319,11.4081794
"330",55.5417276,11.3758707386627
"331",55.2328252,11.7674102
"332",55.6433478,12.0819247
"333",55.2328252,11.7674102
"334",55.446817,11.7975218
"335",55.2328252,11.7674102
"336",55.4565009,12.1818964
"337",55.3997225,10.3852104
"338",55.3098281,10.7976604
"339",55.2150907,10.5984247194621
"340",55.3997225,10.3852104
"341",55.3997225,10.3852104
"342",55.0446228,9.4209667
"343",54.9089186,9.7897999
"344",55.4279941,9.2864145
"345",55.7570833,8.9277576
"346",55.565268,9.7562169
"347",55.0553387,9.7470524
"348",55.4993014,9.7392181
"349",55.18635005,9.06788403660823
"350",55.3726936833887,10.4601593565073
"351",55.0632573,10.6068652
"352",55.7000057,9.5333238
"353",55.3997225,10.3852104
"354",55.7000057,9.5333238
"355",55.2421087,9.9736869
"356",55.157032,8.765738
"357",54.95098855,9.87984806850613
"358",55.7570833,8.9277576
"359",55.0632573,10.6068652
"360",55.4173448807024,10.4444782538016
"361",55.0595541,8.9568232
"362",55.7000057,9.5333238
"363",55.7000057,9.5333238
"364",55.7000057,9.5333238
"365",55.7000057,9.5333238
"366",55.7000057,9.5333238
"367",55.7000057,9.5333238
"368",55.3098281,10.7976604
"369",55.4885437628488,8.49633366531766
"370",55.6409641,9.6492103
"371",55.0446228,9.4209667
"372",55.3997225,10.3852104
"373",55.4894999,9.47905
"374",55.0632573,10.6068652
"375",55.13513295,8.51382897014808
"376",55.7227366978088,9.61379463545813
"377",55.7000057,9.5333238
"378",55.097087,10.2428246
"379",55.3811975115752,10.4014134296584
"380",55.3997225,10.3852104
"381",55.0696081,9.3410181
"382",54.9377498,10.7167568
"383",55.3997225,10.3852104
"384",54.8558332,10.5174056
"385",55.4278872,9.930492
"386",55.3997225,10.3852104
"387",55.0632573,10.6068652
"388",55.2203305,10.1258184
"389",55.2869915,9.0463292
"390",55.149424,10.7062309
"391",55.4664892,8.4520751
"392",55.6176702,8.4811757
"393",55.0632573,10.6068652
"394",55.6176702,8.4811757
"395",55.4993014,9.7392181
"396",55.3997225,10.3852104
"397",54.8295003,9.3606529
"398",55.7000057,9.5333238
"399",55.0722894307755,10.4592899208282
"400",55.4664892,8.4520751
"401",55.7000057,9.5333238
"402",55.0446228,9.4209667
"403",55.6409641,9.6492103
"404",55.7000057,9.5333238
"405",55.7000057,9.5333238
"406",55.6176702,8.4811757
"407",55.0446228,9.4209667
"408",55.7000057,9.5333238
"409",54.8896647,10.411167
"410",55.3997225,10.3852104
"411",55.3997225,10.3852104
"412",55.3997225,10.3852104
"413",55.18635005,9.06788403660823
"414",55.7000057,9.5333238
"415",55.7000057,9.5333238
"416",55.3997225,10.3852104
"417",55.6409641,9.6492103
"418",55.4894999,9.47905
"419",55.4664892,8.4520751
"420",54.8558332,10.5174056
"421",55.4311211,10.4886409731
"422",55.69460155,9.24725196605017
"423",55.4885437628488,8.49633366531766
"424",55.3997225,10.3852104
"425",55.6176702,8.4811757
"426",55.7000057,9.5333238
"427",55.4894999,9.47905
"428",54.9089186,9.7897999
"429",55.3997225,10.3852104
"430",55.3997225,10.3852104
"431",55.265798,9.9002174
"432",55.7000057,9.5333238
"433",55.40483125,8.42501693939674
"434",55.0446228,9.4209667
"435",55.4993014,9.7392181
"436",55.3997225,10.3852104
"437",55.4894999,9.47905
"438",55.13096185,10.5034025066633
"439",55.0632573,10.6068652
"440",55.0632573,10.6068652
"441",55.7000057,9.5333238
"442",55.7000057,9.5333238
"443",55.7000057,9.5333238
"444",55.7000057,9.5333238
"445",55.45246015,10.5459365030619
"446",55.4993014,9.7392181
"447",55.7000057,9.5333238
"448",55.4664892,8.4520751
"449",55.4150405619567,10.3131560036006
"450",55.3460974528134,10.3902033707355
"451",55.3997225,10.3852104
"452",55.7570833,8.9277576
"453",55.4664892,8.4520751
"454",55.09251545,10.691251545578
"455",55.4279941,9.2864145
"456",55.3997225,10.3852104
"457",55.7000057,9.5333238
"458",55.4993014,9.7392181
"459",55.4543959032546,9.87106391350868
"460",55.0446228,9.4209667
"461",55.4993014,9.7392181
"462",55.0632573,10.6068652
"463",54.9089186,9.7897999
"464",55.4664892,8.4520751
"465",55.3997225,10.3852104
"466",55.2351317,10.481895
"467",55.3811975115752,10.4014134296584
"468",55.5154338,10.4004689
"469",54.9393251,10.2577007
"470",55.3997225,10.3852104
"471",55.0632573,10.6068652
"472",55.3997225,10.3852104
"473",55.3763248,10.0510648
"474",55.7000057,9.5333238
"475",55.7000057,9.5333238
"476",55.7000057,9.5333238
"477",55.7000057,9.5333238
"478",55.7000057,9.5333238
"479",55.565268,9.7562169
"480",55.7000057,9.5333238
"481",55.3680577,9.0581471
"482",55.5164766567491,8.39419306123938
"483",54.9377498,10.7167568
"484",55.0632573,10.6068652
"485",55.555888,8.1347402
"486",55.3997225,10.3852104
"487",55.0632573,10.6068652
"488",55.0632573,10.6068652
"489",55.2351317,10.481895
"490",55.3997225,10.3852104
"491",55.3997225,10.3852104
"492",55.7000057,9.5333238
"493",55.3997225,10.3852104
"494",55.4885437628488,8.49633366531766
"495",55.3952353207498,10.3286918653996
"496",55.4993014,9.7392181
"497",55.4173448807024,10.4444782538016
"498",55.3284036,8.7647838
"499",55.4894999,9.47905
"500",55.3997225,10.3852104
"501",55.4894999,9.47905
"502",55.4664892,8.4520751
"503",55.3460974528134,10.3902033707355
"504",55.7000057,9.5333238
"505",55.4664892,8.4520751
"506",55.2500715,9.4997871
"507",55.0446228,9.4209667
"508",55.0446228,9.4209667
"509",55.2500715,9.4997871
"510",55.3997225,10.3852104
"511",55.4894999,9.47905
"512",55.4894999,9.47905
"513",55.3997225,10.3852104
"514",54.9395925,8.8603092215205
"515",55.8390485,8.8937974
"516",55.0632573,10.6068652
"517",55.4894999,9.47905
"518",55.4894999,9.47905
"519",55.7000057,9.5333238
"520",55.3615271,10.6630468
"521",55.3974404,8.7410961
"522",55.4885437628488,8.49633366531766
"523",55.7000057,9.5333238
"524",55.7000057,9.5333238
"525",55.7000057,9.5333238
"526",55.7000057,9.5333238
"527",55.7000057,9.5333238
"528",55.7000057,9.5333238
"529",55.3997225,10.3852104
"530",55.7000057,9.5333238
"531",55.3098281,10.7976604
"532",55.4664892,8.4520751
"533",55.0446228,9.4209667
"534",55.3585211350249,10.3366773834748
"535",55.3997225,10.3852104
"536",55.3997225,10.3852104
"537",55.3997225,10.3852104
"538",55.2500715,9.4997871
"539",55.7000057,9.5333238
"540",55.3997225,10.3852104
"541",55.4311211,10.4886409731
"542",55.3997225,10.3852104
"543",55.5169946709445,8.45872276096533
"544",55.3284036,8.7647838
"545",55.2351317,10.481895
"546",55.3997225,10.3852104
"547",55.845552,9.2401542
"548",55.7000057,9.5333238
"549",55.3811975115752,10.4014134296584
"550",55.4150405619567,10.3131560036006
"551",55.3460974528134,10.3902033707355
"552",55.4345186638384,10.3609925629117
"553",55.3997225,10.3852104
"554",55.3997225,10.3852104
"555",55.0632573,10.6068652
"556",55.2869915,9.0463292
"557",54.9395925,8.8603092215205
"558",55.845552,9.2401542
"559",55.3997225,10.3852104
"560",55.3997225,10.3852104
"561",55.3997225,10.3852104
"562",55.3997225,10.3852104
"563",55.4840594,10.2553321
"564",55.565268,9.7562169
"565",55.3997225,10.3852104
"566",55.565268,9.7562169
"567",55.3726936833887,10.4601593565073
"568",55.2500715,9.4997871
"569",55.7000057,9.5333238
"570",55.7000057,9.5333238
"571",55.7000057,9.5333238
"572",55.3098281,10.7976604
"573",55.845552,9.2401542
"574",55.4894999,9.47905
"575",55.0632573,10.6068652
"576",55.7529724,9.4210553
"577",54.9089186,9.7897999
"578",54.9089186,9.7897999
"579",55.3997225,10.3852104
"580",55.2500715,9.4997871
"581",55.2500715,9.4997871
"582",55.0446228,9.4209667
"583",54.8479278,9.4075596
"584",55.3811975115752,10.4014134296584
"585",55.7000057,9.5333238
"586",54.9089186,9.7897999
"587",55.3284036,8.7647838
"588",55.3974404,8.7410961
"589",55.097087,10.2428246
"590",55.0696081,9.3410181
"591",55.5164766567491,8.39419306123938
"592",55.3098281,10.7976604
"593",55.7000057,9.5333238
"594",55.4664892,8.4520751
"595",55.7000057,9.5333238
"596",55.62919895,8.27724366548115
"597",55.4345186638384,10.3609925629117
"598",55.4643476,8.5857229
"599",55.097087,10.2428246
"600",55.4664892,8.4520751
"601",55.7000057,9.5333238
"602",55.305281,10.4711821
"603",55.7049966,8.75281282212769
"604",55.4643476,8.5857229
"605",55.3811975115752,10.4014134296584
"606",55.3098281,10.7976604
"607",55.40483125,8.42501693939674
"608",55.4894999,9.47905
"609",55.565268,9.7562169
"610",55.6176702,8.4811757
"611",55.2372666,10.5306965685255
"612",55.13513295,8.51382897014808
"613",55.4894999,9.47905
"614",55.7000057,9.5333238
"615",55.40483125,8.42501693939674
"616",55.4894999,9.47905
"617",55.5059786,8.9151177
"618",54.9395925,8.8603092215205
"619",55.7000057,9.5333238
"620",55.3997225,10.3852104
"621",55.3997225,10.3852104
"622",55.0446228,9.4209667
"623",55.7529724,9.4210553
"624",55.3585211350249,10.3366773834748
"625",54.9089186,9.7897999
"626",55.4664892,8.4520751
"627",54.9089186,9.7897999
"628",55.4734235,8.7999523
"629",55.3811975115752,10.4014134296584
"630",55.4345186638384,10.3609925629117
"631",55.2500715,9.4997871
"632",55.8058276,8.6181307
"633",55.3098281,10.7976604
"634",54.8896647,10.411167
"635",55.5169946709445,8.45872276096533
"636",55.3763248,10.0510648
"637",55.3726936833887,10.4601593565073
"638",55.3997225,10.3852104
"639",55.4894999,9.47905
"640",55.2547103,10.2322458
"641",55.565268,9.7562169
"642",54.9377498,10.7167568
"643",55.6176702,8.4811757
"644",54.9140178,9.5866302
"645",55.7000057,9.5333238
"646",55.6176702,8.4811757
"647",55.4532771,10.6547783
"648",55.4664892,8.4520751
"649",55.4532771,10.6547783
"650",54.9377498,10.7167568
"651",55.4664892,8.4520751
"652",55.3952353207498,10.3286918653996
"653",54.8558332,10.5174056
"654",55.0722894307755,10.4592899208282
"655",55.2351317,10.481895
"656",55.265798,9.9002174
"657",55.3098281,10.7976604
"658",54.9331205,9.2427286
"659",55.2500715,9.4997871
"660",54.9377498,10.7167568
"661",55.40483125,8.42501693939674
"662",55.0632573,10.6068652
"663",55.3997225,10.3852104
"664",55.40483125,8.42501693939674
"665",55.3098281,10.7976604
"666",55.4664892,8.4520751
"667",55.4664892,8.4520751
"668",55.3997225,10.3852104
"669",54.8558332,10.5174056
"670",55.4894999,9.47905
"671",55.7570833,8.9277576
"672",55.2463562,9.3049694211847
"673",54.8558332,10.5174056
"674",55.4894999,9.47905
"675",55.7000057,9.5333238
"676",55.5640146,10.092085
"677",55.2869915,9.0463292
"678",55.4894999,9.47905
"679",54.9395925,8.8603092215205
"680",55.7000057,9.5333238
"681",55.7309428,9.1159357
"682",55.3284036,8.7647838
"683",54.8896647,10.411167
"684",55.8058276,8.6181307
"685",55.6409641,9.6492103
"686",55.4894999,9.47905
"687",55.48174215,9.01227356115442
"688",55.565268,9.7562169
"689",54.9089186,9.7897999
"690",55.4894999,9.47905
"691",55.0632573,10.6068652
"692",55.6145259,9.30860904399816
"693",55.4894999,9.47905
"694",55.3997225,10.3852104
"695",55.555888,8.1347402
"696",55.4743417,9.1317951
"697",55.45246015,10.5459365030619
"698",55.5640146,10.092085
"699",54.9377498,10.7167568
"700",55.4993014,9.7392181
"701",55.5164766567491,8.39419306123938
"702",55.18635005,9.06788403660823
"703",55.3997225,10.3852104
"704",55.3997225,10.3852104
"705",55.2351317,10.481895
"706",55.3997225,10.3852104
"707",55.4894999,9.47905
"708",55.2500715,9.4997871
"709",55.5164766567491,8.39419306123938
"710",55.3997225,10.3852104
"711",55.48174215,9.01227356115442
"712",55.4527859533954,9.56573826031956
"713",55.13513295,8.51382897014808
"714",55.7309428,9.1159357
"715",55.3811975115752,10.4014134296584
"716",55.7570833,8.9277576
"717",55.7309428,9.1159357
"718",55.7570833,8.9277576
"719",55.565268,9.7562169
"720",55.0632573,10.6068652
"721",55.4894999,9.47905
"722",55.4894999,9.47905
"723",55.2463562,9.3049694211847
"724",55.565268,9.7562169
"725",55.7772816,8.2905921
"726",55.4543959032546,9.87106391350868
"727",55.3997225,10.3852104
"728",55.157032,8.765738
"729",55.6255303,8.12995740550302
"730",55.4655911,8.7027506
"731",55.2500715,9.4997871
"732",55.31664555,9.29232554759872
"733",55.3997225,10.3852104
"734",55.5640146,10.092085
"735",55.0595541,8.9568232
"736",55.3997225,10.3852104
"737",55.097087,10.2428246
"738",55.2500715,9.4997871
"739",55.0446228,9.4209667
"740",55.4894999,9.47905
"741",55.2500715,9.4997871
"742",55.3726936833887,10.4601593565073
"743",55.12016875,10.7264449894131
"744",55.565268,9.7562169
"745",55.4894999,9.47905
"746",55.555888,8.1347402
"747",55.0446228,9.4209667
"748",55.31664555,9.29232554759872
"749",55.4279941,9.2864145
"750",55.4655911,8.7027506
"751",55.7000057,9.5333238
"752",55.565268,9.7562169
"753",54.9089186,9.7897999
"754",55.0446228,9.4209667
"755",55.265798,9.9002174
"756",55.097087,10.2428246
"757",55.3997225,10.3852104
"758",55.3585211350249,10.3366773834748
"759",55.4885437628488,8.49633366531766
"760",55.3098281,10.7976604
"761",55.4743417,9.1317951
"762",55.40483125,8.42501693939674
"763",55.7000057,9.5333238
"764",55.3098281,10.7976604
"765",55.5859186,9.48997556622311
"766",55.3997225,10.3852104
"767",55.4532771,10.6547783
"768",55.3460974528134,10.3902033707355
"769",55.4311211,10.4886409731
"770",55.3952353207498,10.3286918653996
"771",55.2500715,9.4997871
"772",55.565268,9.7562169
"773",55.3460974528134,10.3902033707355
"774",55.4279941,9.2864145
"775",55.4498384,8.4058414
"776",55.4173448807024,10.4444782538016
"777",55.5640146,10.092085
"778",55.461772,9.61485873529413
"779",55.565268,9.7562169
"780",55.3589729,9.4905139
"781",55.7309428,9.1159357
"782",55.3284036,8.7647838
"783",55.305281,10.4711821
"784",55.565268,9.7562169
"785",55.4894999,9.47905
"786",55.097087,10.2428246
"787",54.8558332,10.5174056
"788",55.2500715,9.4997871
"789",55.3997225,10.3852104
"790",55.2500715,9.4997871
"791",55.3460974528134,10.3902033707355
"792",55.4655911,8.7027506
"793",55.3997225,10.3852104
"794",55.3997225,10.3852104
"795",55.4894999,9.47905
"796",55.2500715,9.4997871
"797",55.2869915,9.0463292
"798",55.565268,9.7562169
"799",55.2547103,10.2322458
"800",55.12887945,9.12869088149114
"801",55.097087,10.2428246
"802",55.4150405619567,10.3131560036006
"803",55.6176702,8.4811757
"804",54.9140178,9.5866302
"805",55.7772816,8.2905921
"806",55.6409641,9.6492103
"807",55.3284036,8.7647838
"808",55.3284036,8.7647838
"809",55.2500715,9.4997871
"810",55.7772816,8.2905921
"811",55.3585211350249,10.3366773834748
"812",55.45246015,10.5459365030619
"813",55.7570833,8.9277576
"814",55.0722894307755,10.4592899208282
"815",55.2463562,9.3049694211847
"816",54.8558332,10.5174056
"817",55.4743417,9.1317951
"818",55.5702937,9.1377573
"819",55.7772816,8.2905921
"820",54.8558332,10.5174056
"821",55.3997225,10.3852104
"822",55.4894999,9.47905
"823",55.40483125,8.42501693939674
"824",55.4894999,9.47905
"825",55.4345186638384,10.3609925629117
"826",55.2500715,9.4997871
"827",55.5154338,10.4004689
"828",55.3460974528134,10.3902033707355
"829",55.0553387,9.7470524
"830",55.2500715,9.4997871
"831",55.4743417,9.1317951
"832",55.4664892,8.4520751
"833",55.0632573,10.6068652
"834",55.4664892,8.4520751
"835",54.9974289,10.8470786
"836",55.4655911,8.7027506
"837",55.0446228,9.4209667
"838",54.9897782,9.2835059
"839",55.1979494,9.21242433277221
"840",55.5640146,10.092085
"841",55.4664892,8.4520751
"842",54.9395925,8.8603092215205
"843",55.0632573,10.6068652
"844",55.555888,8.1347402
"845",54.9089186,9.7897999
"846",55.4664892,8.4520751
"847",55.3098281,10.7976604
"848",55.7000057,9.5333238
"849",55.265798,9.9002174
"850",54.9377498,10.7167568
"851",55.4664892,8.4520751
"852",55.2463562,9.3049694211847
"853",55.5702937,9.1377573
"854",55.845552,9.2401542
"855",55.4345186638384,10.3609925629117
"856",54.9140178,9.5866302
"857",55.3997225,10.3852104
"858",55.0632573,10.6068652
"859",55.4150405619567,10.3131560036006
"860",55.845552,9.2401542
"861",55.4664892,8.4520751
"862",55.2581432,10.6704068
"863",54.9089186,9.7897999
"864",55.4836316,9.3002816
"865",55.4743417,9.1317951
"866",55.3460974528134,10.3902033707355
"867",55.3997225,10.3852104
"868",56.4469128,9.4059354
"869",56.1496278,10.2134046
"870",56.3590324,8.6159188
"871",56.1379757,8.9746623
"872",55.7705233,9.6994255
"873",56.1496278,10.2134046
"874",56.3345618,10.377531
"875",56.1496278,10.2134046
"876",56.1290327,10.1624334
"877",56.1496278,10.2134046
"878",56.4469128,9.4059354
"879",56.1465072,9.2753054
"880",56.4617545,10.0371476
"881",56.1496278,10.2134046
"882",56.090357,8.2542739
"883",56.19628655,10.6773023909492
"884",56.1496278,10.2134046
"885",55.8476686,9.5867407
"886",56.4469128,9.4059354
"887",56.1496278,10.2134046
"888",56.1390178,9.1547931
"889",56.3590324,8.6159188
"890",55.8611696,9.8444774
"891",56.1496278,10.2134046
"892",56.3590324,8.6159188
"893",56.1379757,8.9746623
"894",56.2717392,8.3251704
"895",56.1496278,10.2134046
"896",55.8611696,9.8444774
"897",56.5857789,9.1364536023787
"898",56.3012653,9.7887862
"899",56.1496278,10.2134046
"900",56.1552791,10.1655661
"901",56.3800312,10.5005559
"902",55.8611696,9.8444774
"903",56.4617545,10.0371476
"904",56.63964015,8.7828279964929
"905",56.1886836519017,10.1901093793065
"906",56.169453,9.5495141
"907",55.8611696,9.8444774
"908",56.5659301,9.029272
"909",56.1496278,10.2134046
"910",56.4469128,9.4059354
"911",56.1496278,10.2134046
"912",56.1532111,10.1024171
"913",56.1496278,10.2134046
"914",56.2526132,9.8610556
"915",56.4469128,9.4059354
"916",56.1496278,10.2134046
"917",56.0397896,10.0904237
"918",56.169453,9.5495141
"919",56.3590324,8.6159188
"920",56.2678199,10.0688688
"921",56.1390178,9.1547931
"922",55.8611696,9.8444774
"923",55.7138865,10.0121978
"924",55.8611696,9.8444774
"925",56.1981068,10.2300052
"926",56.1379757,8.9746623
"927",55.8611696,9.8444774
"928",56.4355428,10.0425957
"929",56.2629757,10.3039321
"930",56.1496278,10.2134046
"931",56.1136618,10.1903165
"932",56.0351868,9.9317878
"933",56.1496278,10.2134046
"934",56.1496278,10.2134046
"935",56.1552791,10.1655661
"936",56.1496278,10.2134046
"937",56.1496278,10.2134046
"938",55.8611696,9.8444774
"939",56.1496278,10.2134046
"940",56.1496278,10.2134046
"941",56.1496278,10.2134046
"942",56.47808275,8.77784691564373
"943",56.1136618,10.1903165
"944",56.3758414,9.656576
"945",56.1379757,8.9746623
"946",56.3590324,8.6159188
"947",56.4469128,9.4059354
"948",56.4469128,9.4059354
"949",56.1379757,8.9746623
"950",55.8611696,9.8444774
"951",56.19628655,10.6773023909492
"952",56.1886836519017,10.1901093793065
"953",56.3590324,8.6159188
"954",55.8611696,9.8444774
"955",56.4469128,9.4059354
"956",56.1496278,10.2134046
"957",56.5659301,9.029272
"958",56.4617545,10.0371476
"959",56.1290327,10.1624334
"960",56.1496278,10.2134046
"961",56.4866768,8.5951427
"962",56.63423515,8.53936746765082
"963",56.1496278,10.2134046
"964",56.4469128,9.4059354
"965",55.8499627,9.483801
"966",56.1136618,10.1903165
"967",55.8611696,9.8444774
"968",56.1496278,10.2134046
"969",56.1496278,10.2134046
"970",56.63964015,8.7828279964929
"971",56.4773597,10.7233685555002
"972",56.1496278,10.2134046
"973",56.1496278,10.2134046
"974",56.3590324,8.6159188
"975",56.1496278,10.2134046
"976",56.1496278,10.2134046
"977",55.8611696,9.8444774
"978",56.2001628,8.56300381034675
"979",56.1921152,10.1117391
"980",56.169453,9.5495141
"981",56.169453,9.5495141
"982",56.1290327,10.1624334
"983",56.61558425,9.49982719784344
"984",56.1496278,10.2134046
"985",56.1290327,10.1624334
"986",56.1379757,8.9746623
"987",56.1496278,10.2134046
"988",56.090357,8.2542739
"989",55.8611696,9.8444774
"990",56.1496278,10.2134046
"991",56.4469128,9.4059354
"992",56.4469128,9.4059354
"993",56.19628655,10.6773023909492
"994",56.0859191,10.0356047
"995",56.21409615,10.4860672904071
"996",55.8611696,9.8444774
"997",56.2717392,8.3251704
"998",55.88358435,10.6113950353382
"999",55.7138865,10.0121978
"1000",56.2629757,10.3039321
"1001",56.1496278,10.2134046
"1002",56.4355428,10.0425957
"1003",56.1552791,10.1655661
"1004",56.21409615,10.4860672904071
"1005",56.4469128,9.4059354
"1006",55.8611696,9.8444774
"1007",56.1712168216001,10.16052282592
"1008",56.1496278,10.2134046
"1009",56.0057884,8.1288435
"1010",56.19628655,10.6773023909492
"1011",56.4763590207486,9.97709221889803
"1012",56.1496278,10.2134046
"1013",56.1496278,10.2134046
"1014",56.1496278,10.2134046
"1015",56.4421878801492,10.1126767099053
"1016",56.1981068,10.2300052
"1017",56.1496278,10.2134046
"1018",56.1496278,10.2134046
"1019",56.4134419,10.8793137
"1020",56.4469128,9.4059354
"1021",56.1290327,10.1624334
"1022",56.1496278,10.2134046
"1023",56.1136618,10.1903165
"1024",56.1496278,10.2134046
"1025",56.1552791,10.1655661
"1026",56.1496278,10.2134046
"1027",56.4617545,10.0371476
"1028",56.1496278,10.2134046
"1029",55.8499627,9.483801
"1030",55.975832,10.1513202
"1031",56.5659301,9.029272
"1032",56.4469128,9.4059354
"1033",56.3290887,10.0523863
"1034",56.1496278,10.2134046
"1035",56.1496278,10.2134046
"1036",56.19628655,10.6773023909492
"1037",56.5659301,9.029272
"1038",56.1136618,10.1903165
"1039",56.4134419,10.8793137
"1040",56.1379757,8.9746623
"1041",56.1496278,10.2134046
"1042",56.1981068,10.2300052
"1043",56.4134419,10.8793137
"1044",56.1496278,10.2134046
"1045",55.88358435,10.6113950353382
"1046",56.1496278,10.2134046
"1047",56.1921152,10.1117391
"1048",56.0397896,10.0904237
"1049",56.4763590207486,9.97709221889803
"1050",56.4134419,10.8793137
"1051",56.4617545,10.0371476
"1052",56.1496278,10.2134046
"1053",56.2629757,10.3039321
"1054",56.1496278,10.2134046
"1055",55.9429356,9.12167854081349
"1056",55.9065375,8.5192054
"1057",56.090357,8.2542739
"1058",56.1496278,10.2134046
"1059",56.169453,9.5495141
"1060",56.0351868,9.9317878
"1061",56.1552791,10.1655661
"1062",56.169453,9.5495141
"1063",56.1379757,8.9746623
"1064",56.1496278,10.2134046
"1065",55.8611696,9.8444774
"1066",56.4469128,9.4059354
"1067",56.1496278,10.2134046
"1068",56.4469128,9.4059354
"1069",56.4469128,9.4059354
"1070",56.1552791,10.1655661
"1071",56.169453,9.5495141
"1072",56.4469128,9.4059354
"1073",56.1496278,10.2134046
"1074",56.1496278,10.2134046
"1075",56.1886836519017,10.1901093793065
"1076",56.169453,9.5495141
"1077",56.4469128,9.4059354
"1078",56.4134419,10.8793137
"1079",56.1379757,8.9746623
"1080",56.169453,9.5495141
"1081",56.21153875,10.0331850746182
"1082",56.1379757,8.9746623
"1083",56.1496278,10.2134046
"1084",56.169453,9.5495141
"1085",56.1921152,10.1117391
"1086",56.1496278,10.2134046
"1087",56.4469128,9.4059354
"1088",56.4469128,9.4059354
"1089",56.1496278,10.2134046
"1090",56.1290327,10.1624334
"1091",56.1532111,10.1024171
"1092",56.3590324,8.6159188
"1093",56.7040127,8.9841309
"1094",56.4469128,9.4059354
"1095",55.975832,10.1513202
"1096",56.0671183,10.1624575
"1097",56.0397896,10.0904237
"1098",56.5104729,9.33606990597676
"1099",56.1496278,10.2134046
"1100",55.975832,10.1513202
"1101",56.3590324,8.6159188
"1102",56.1496278,10.2134046
"1103",56.1379757,8.9746623
"1104",56.1496278,10.2134046
"1105",56.4134419,10.8793137
"1106",55.8611696,9.8444774
"1107",56.1379757,8.9746623
"1108",56.1886836519017,10.1901093793065
"1109",55.975832,10.1513202
"1110",56.4617545,10.0371476
"1111",56.1496278,10.2134046
"1112",56.19628655,10.6773023909492
"1113",56.1496278,10.2134046
"1114",55.88358435,10.6113950353382
"1115",56.3590324,8.6159188
"1116",56.4617545,10.0371476
"1117",56.1549933,9.91091367683445
"1118",55.975832,10.1513202
"1119",56.5120126,9.6099502
"1120",56.5659301,9.029272
"1121",56.0935751,9.7633781
"1122",56.3590324,8.6159188
"1123",56.390979,9.8936301
"1124",56.0935751,9.7633781
"1125",56.1886836519017,10.1901093793065
"1126",56.1379757,8.9746623
"1127",56.3015637,10.4754416
"1128",56.4617545,10.0371476
"1129",56.2153497,10.266729
"1130",56.1379757,8.9746623
"1131",56.1532111,10.1024171
"1132",56.169453,9.5495141
"1133",56.1496278,10.2134046
"1134",56.61725795,8.17995549773739
"1135",56.090357,8.2542739
"1136",56.2678199,10.0688688
"1137",56.3590324,8.6159188
"1138",56.4866768,8.5951427
"1139",56.1774826,9.7756433
"1140",56.1921152,10.1117391
"1141",56.4617545,10.0371476
"1142",56.1886836519017,10.1901093793065
"1143",56.1496278,10.2134046
"1144",56.71282975,11.5621214602465
"1145",56.169453,9.5495141
"1146",55.8611696,9.8444774
"1147",56.1496278,10.2134046
"1148",56.5659301,9.029272
"1149",56.1496278,10.2134046
"1150",56.0351868,9.9317878
"1151",56.4800019,10.0891444
"1152",56.1712168216001,10.16052282592
"1153",56.0275264,8.3852184
"1154",56.1465072,9.2753054
"1155",55.7705233,9.6994255
"1156",56.1496278,10.2134046
"1157",56.169453,9.5495141
"1158",56.4617545,10.0371476
"1159",56.4134419,10.8793137
"1160",56.4617545,10.0371476
"1161",55.8611696,9.8444774
"1162",56.169453,9.5495141
"1163",56.4652903,10.3399857036233
"1164",56.390979,9.8936301
"1165",56.1379757,8.9746623
"1166",55.8611696,9.8444774
"1167",56.4866768,8.5951427
"1168",56.1496278,10.2134046
"1169",56.0351868,9.9317878
"1170",56.4617545,10.0371476
"1171",56.0167485,9.35583818305994
"1172",55.8611696,9.8444774
"1173",56.4469128,9.4059354
"1174",56.1390178,9.1547931
"1175",55.8611696,9.8444774
"1176",56.1496278,10.2134046
"1177",56.5659301,9.029272
"1178",56.5659301,9.029272
"1179",56.4866768,8.5951427
"1180",56.169453,9.5495141
"1181",56.4617545,10.0371476
"1182",56.1379757,8.9746623
"1183",56.47808275,8.77784691564373
"1184",56.1532111,10.1024171
"1185",56.3137043,10.3159583
"1186",56.4469128,9.4059354
"1187",56.4866768,8.5951427
"1188",56.4617545,10.0371476
"1189",56.1496278,10.2134046
"1190",56.3590324,8.6159188
"1191",56.1496278,10.2134046
"1192",56.1496278,10.2134046
"1193",56.0600403,10.2089405
"1194",55.9469339,8.4909186
"1195",56.169453,9.5495141
"1196",56.6515711,10.1976246512804
"1197",56.1981068,10.2300052
"1198",56.1496278,10.2134046
"1199",56.4617545,10.0371476
"1200",56.1532111,10.1024171
"1201",55.9469339,8.4909186
"1202",56.4469128,9.4059354
"1203",56.0351868,9.9317878
"1204",56.3758414,9.656576
"1205",56.1496278,10.2134046
"1206",56.1981068,10.2300052
"1207",56.0893891,8.6295216
"1208",55.8611696,9.8444774
"1209",56.1921152,10.1117391
"1210",56.1496278,10.2134046
"1211",56.6515711,10.1976246512804
"1212",56.1496278,10.2134046
"1213",56.47808275,8.77784691564373
"1214",56.1549933,9.91091367683445
"1215",56.1466687,9.996093
"1216",56.19628655,10.6773023909492
"1217",56.4617545,10.0371476
"1218",55.7675093,10.3126364301603
"1219",56.3015637,10.4754416
"1220",56.1127273,10.1015519831397
"1221",55.7138865,10.0121978
"1222",56.3137043,10.3159583
"1223",56.4134419,10.8793137
"1224",56.1379757,8.9746623
"1225",56.1944963,8.7601060508604
"1226",56.1496278,10.2134046
"1227",56.4763590207486,9.97709221889803
"1228",55.88358435,10.6113950353382
"1229",55.975832,10.1513202
"1230",56.5486971,8.3046456
"1231",56.3438706,8.3454452
"1232",56.5659301,9.029272
"1233",56.1496278,10.2134046
"1234",55.8499627,9.483801
"1235",56.7011279,8.2145876
"1236",55.9843819,9.2930027
"1237",55.9722463,9.610092
"1238",55.9469339,8.4909186
"1239",56.169453,9.5495141
"1240",56.4866768,8.5951427
"1241",56.2526132,9.8610556
"1242",56.2717392,8.3251704
"1243",55.8611696,9.8444774
"1244",56.1496278,10.2134046
"1245",55.88358435,10.6113950353382
"1246",56.21409615,10.4860672904071
"1247",56.3111225,9.1706768
"1248",56.5486971,8.3046456
"1249",56.1496278,10.2134046
"1250",56.1496278,10.2134046
"1251",56.2834926,9.4400132
"1252",56.4134419,10.8793137
"1253",56.4134419,10.8793137
"1254",56.4617545,10.0371476
"1255",56.1496278,10.2134046
"1256",56.1921152,10.1117391
"1257",56.1496278,10.2134046
"1258",56.2001628,8.56300381034675
"1259",56.1496278,10.2134046
"1260",56.1290327,10.1624334
"1261",55.88358435,10.6113950353382
"1262",56.1496278,10.2134046
"1263",55.8611696,9.8444774
"1264",56.1496278,10.2134046
"1265",55.9722463,9.610092
"1266",56.1496278,10.2134046
"1267",56.3507254,10.7715962
"1268",56.2678199,10.0688688
"1269",56.1886836519017,10.1901093793065
"1270",56.3590324,8.6159188
"1271",56.02335015,9.51710655137352
"1272",56.1886836519017,10.1901093793065
"1273",55.8499627,9.483801
"1274",56.4134419,10.8793137
"1275",56.169453,9.5495141
"1276",56.4773597,10.7233685555002
"1277",56.1496278,10.2134046
"1278",56.1886836519017,10.1901093793065
"1279",56.4617545,10.0371476
"1280",56.1496278,10.2134046
"1281",56.7040127,8.9841309
"1282",56.71282975,11.5621214602465
"1283",56.169453,9.5495141
"1284",56.1496278,10.2134046
"1285",56.1496278,10.2134046
"1286",56.1944963,8.7601060508604
"1287",56.4134419,10.8793137
"1288",56.5007806,10.3363752
"1289",55.84989,8.37232345409503
"1290",56.1496278,10.2134046
"1291",56.1379757,8.9746623
"1292",55.88358435,10.6113950353382
"1293",56.1496278,10.2134046
"1294",56.090357,8.2542739
"1295",56.0167485,9.35583818305994
"1296",56.4134419,10.8793137
"1297",56.1496278,10.2134046
"1298",56.169453,9.5495141
"1299",56.2363205,10.238378
"1300",56.1712168216001,10.16052282592
"1301",56.1886836519017,10.1901093793065
"1302",56.5659301,9.029272
"1303",56.3590324,8.6159188
"1304",56.2526132,9.8610556
"1305",55.8611696,9.8444774
"1306",56.5659301,9.029272
"1307",56.63423515,8.53936746765082
"1308",55.8611696,9.8444774
"1309",56.1496278,10.2134046
"1310",55.88358435,10.6113950353382
"1311",56.0935751,9.7633781
"1312",56.169453,9.5495141
"1313",56.3758414,9.656576
"1314",56.4617545,10.0371476
"1315",56.1290327,10.1624334
"1316",56.2834926,9.4400132
"1317",56.0349566,8.8583992
"1318",56.3015637,10.4754416
"1319",56.090357,8.2542739
"1320",55.88358435,10.6113950353382
"1321",56.4617545,10.0371476
"1322",56.1552791,10.1655661
"1323",56.0859191,10.0356047
"1324",56.5857789,9.1364536023787
"1325",55.7705233,9.6994255
"1326",56.0397896,10.0904237
"1327",56.3590324,8.6159188
"1328",56.4617545,10.0371476
"1329",56.1496278,10.2134046
"1330",56.4469128,9.4059354
"1331",56.1379757,8.9746623
"1332",56.169453,9.5495141
"1333",56.0351868,9.9317878
"1334",56.1496278,10.2134046
"1335",56.5486971,8.3046456
"1336",56.4866768,8.5951427
"1337",56.1496278,10.2134046
"1338",56.63423515,8.53936746765082
"1339",56.5659301,9.029272
"1340",56.1496278,10.2134046
"1341",56.169453,9.5495141
"1342",55.8611696,9.8444774
"1343",56.1496278,10.2134046
"1344",56.3800312,10.5005559
"1345",56.4866768,8.5951427
"1346",56.1496278,10.2134046
"1347",56.4763590207486,9.97709221889803
"1348",56.090357,8.2542739
"1349",55.9429356,9.12167854081349
"1350",56.1496278,10.2134046
"1351",56.1136618,10.1903165
"1352",56.3290887,10.0523863
"1353",56.169453,9.5495141
"1354",56.4421878801492,10.1126767099053
"1355",56.19628655,10.6773023909492
"1356",56.090357,8.2542739
"1357",56.1379757,8.9746623
"1358",56.30618115,9.57679731591378
"1359",56.4617545,10.0371476
"1360",56.1496278,10.2134046
"1361",56.169453,9.5495141
"1362",56.4469128,9.4059354
"1363",56.1136618,10.1903165
"1364",56.5659301,9.029272
"1365",56.169453,9.5495141
"1366",56.4469128,9.4059354
"1367",56.4469128,9.4059354
"1368",56.1136618,10.1903165
"1369",56.4617545,10.0371476
"1370",56.1496278,10.2134046
"1371",56.3590324,8.6159188
"1372",56.169453,9.5495141
"1373",56.1290327,10.1624334
"1374",56.1496278,10.2134046
"1375",56.169453,9.5495141
"1376",55.7138865,10.0121978
"1377",56.1496278,10.2134046
"1378",56.4134419,10.8793137
"1379",56.1379757,8.9746623
"1380",56.1496278,10.2134046
"1381",56.1496278,10.2134046
"1382",56.7943811,8.8594834
"1383",56.9823812,9.6428712
"1384",57.0462626,9.9215263
"1385",56.6371753,9.7939799
"1386",57.0607251,9.9241319
"1387",57.0462626,9.9215263
"1388",57.7259703,10.5844602
"1389",57.2523474,9.5842346
"1390",57.0462626,9.9215263
"1391",57.0462626,9.9215263
"1392",57.0868956,8.9960835
"1393",56.9668908,9.2503286
"1394",57.0462626,9.9215263
"1395",56.9773211,9.8525837
"1396",57.0462626,9.9215263
"1397",57.7259703,10.5844602
"1398",57.10806335,10.026994911359
"1399",57.4412134,10.5336225
"1400",57.0462626,9.9215263
"1401",57.0462626,9.9215263
"1402",56.8033777,9.5168986
"1403",57.0462626,9.9215263
"1404",56.6371753,9.7939799
"1405",56.6371753,9.7939799
"1406",56.6371753,9.7939799
"1407",57.7259703,10.5844602
"1408",56.9562093,8.6848749
"1409",57.5908031,9.9649737
"1410",57.0462626,9.9215263
"1411",57.0462626,9.9215263
"1412",57.4755132,10.1994273
"1413",57.7259703,10.5844602
"1414",57.1582375,10.2904471
"1415",57.0462626,9.9215263
"1416",56.76206915,8.7305397697367
"1417",57.457183,9.9855998
"1418",57.2700129,9.9448631
"1419",56.7943811,8.8594834
"1420",57.3532646,9.9452931
"1421",57.457183,9.9855998
"1422",56.830027,8.7509076
"1423",57.0462626,9.9215263
"1424",57.0462626,9.9215263
"1425",57.2719765,10.9932053279864
"1426",56.8963005,9.229408199606
"1427",56.6892939,9.3334277
"1428",57.0462626,9.9215263
"1429",57.0462626,9.9215263
"1430",57.2523474,9.5842346
"1431",56.7511648,8.4178998
"1432",57.7259703,10.5844602
"1433",56.8876492,10.1131224022384
"1434",56.99680905,10.3088452254522
"1435",56.6371753,9.7939799
"1436",57.0462626,9.9215263
"1437",56.9823812,9.6428712
"1438",57.0462626,9.9215263
"1439",57.0462626,9.9215263
"1440",57.5908031,9.9649737
"1441",56.9562093,8.6848749
"1442",57.0462626,9.9215263
"1443",57.0462626,9.9215263
"1444",57.0462626,9.9215263
"1445",57.0462626,9.9215263
"1446",57.1150165,8.6144947
"1447",57.0607251,9.9241319
"1448",57.0462626,9.9215263
"1449",56.7943811,8.8594834
"1450",57.0607251,9.9241319
"1451",57.0607251,9.9241319
"1452",57.4412134,10.5336225
"1453",57.0462626,9.9215263
"1454",56.9562093,8.6848749
"1455",57.457183,9.9855998
"1456",56.8362511,9.8873463
"1457",57.457183,9.9855998
"1458",57.0462626,9.9215263
"1459",57.0462626,9.9215263
"1460",57.0462626,9.9215263
"1461",57.0462626,9.9215263
"1462",57.0462626,9.9215263
"1463",57.0462626,9.9215263
"1464",57.457183,9.9855998
"1465",57.0973209,9.5228664
"1466",56.99680905,10.3088452254522
"1467",57.0462626,9.9215263
"1468",57.029502654725,9.99440697394651
"1469",57.0462626,9.9215263
"1470",56.9562093,8.6848749
"1471",57.2523474,9.5842346
"1472",57.5924007,10.4082686
"1473",57.0462626,9.9215263
"1474",57.2523474,9.5842346
"1475",57.0462626,9.9215263
"1476",57.0462626,9.9215263
"1477",57.0462626,9.9215263
"1478",57.0462626,9.9215263
"1479",57.457183,9.9855998
"1480",57.0462626,9.9215263
"1481",57.4412134,10.5336225
"1482",57.0462626,9.9215263
"1483",57.0116911,10.0559838729252
"1484",56.8917656,8.5231571
"1485",57.1155958,9.8589601
"1486",57.0462626,9.9215263
"1487",57.0462626,9.9215263
"1488",57.0462626,9.9215263
"1489",57.0607251,9.9241319
"1490",57.0462626,9.9215263
"1491",56.99680905,10.3088452254522
"1492",57.0462626,9.9215263
"1493",56.7943811,8.8594834
"1494",57.0462626,9.9215263
"1495",57.4412134,10.5336225
"1496",56.6371753,9.7939799
"1497",56.7943811,8.8594834
"1498",57.457183,9.9855998
"1499",56.6371753,9.7939799
"1500",57.0462626,9.9215263
"1501",57.0462626,9.9215263
"1502",57.3316758,10.5174617
"1503",56.9562093,8.6848749
"1504",56.7722256,9.3399599
"1505",57.4412134,10.5336225
"1506",56.9562093,8.6848749
"1507",57.0607251,9.9241319
"1508",57.0462626,9.9215263
"1509",57.0021574,10.1003550204853
"1510",57.3405516,10.2409824743122
"1511",57.4412134,10.5336225
"1512",57.0462626,9.9215263
"1513",57.457183,9.9855998
"1514",56.8362511,9.8873463
"1515",57.5908031,9.9649737
"1516",57.0462626,9.9215263
"1517",57.5908031,9.9649737
"1518",57.541075,10.1977563
"1519",56.8362511,9.8873463
"1520",57.1606394,9.7339628
"1521",57.2700129,9.9448631
"1522",57.0973209,9.5228664
"1523",57.5908031,9.9649737
"1524",57.1658004,10.1480992960687
"1525",57.0462626,9.9215263
"1526",56.7943811,8.8594834
"1527",57.0462626,9.9215263
"1528",56.9562093,8.6848749
"1529",57.0462626,9.9215263
"1530",57.2719765,10.9932053279864
"1531",57.457183,9.9855998
"1532",57.0462626,9.9215263
"1533",57.2523474,9.5842346
"1534",56.9562093,8.6848749
"1535",56.7722256,9.3399599
"1536",57.457183,9.9855998
"1537",56.9562093,8.6848749
"1538",57.541075,10.1977563
"1539",56.8483838,9.7006273
"1540",57.4412134,10.5336225
"1541",57.4755132,10.1994273
"1542",56.9562093,8.6848749
"1543",57.0462626,9.9215263
"1544",56.9562093,8.6848749
"1545",57.0868956,8.9960835
"1546",57.2700129,9.9448631
"1547",57.0116595463826,9.87078665078797
"1548",57.0607251,9.9241319
"1549",56.7678869,9.8568821
"1550",56.9562093,8.6848749
"1551",57.0462626,9.9215263
"1552",57.0462626,9.9215263
"1553",57.3316758,10.5174617
"1554",56.8847204,9.833064
"1555",57.4412134,10.5336225
"1556",57.0462626,9.9215263
"1557",57.1150165,8.6144947
"1558",57.4412134,10.5336225
"1559",57.0462626,9.9215263
"1560",57.457183,9.9855998
"1561",57.010849700282,9.93824677646642
"1562",56.7193519,10.1151108
"1563",57.1155958,9.8589601
"1564",57.2719765,10.9932053279864
"1565",56.6892939,9.3334277
"1566",57.0462626,9.9215263
"1567",57.0021574,10.1003550204853
"1568",57.029502654725,9.99440697394651
"1569",56.9668908,9.2503286
"1570",57.4412134,10.5336225
"1571",57.457183,9.9855998
"1572",56.9773211,9.8525837
"1573",56.7193519,10.1151108
"1574",56.9562093,8.6848749
"1575",56.7193519,10.1151108
"1576",56.9562093,8.6848749
"1577",57.0462626,9.9215263
"1578",57.0462626,9.9215263
"1579",57.2523474,9.5842346
"1580",57.3704858,9.7112502
"1581",57.2094268,9.6790105
"1582",56.7722256,9.3399599
"1583",56.9823812,9.6428712
"1584",57.0462626,9.9215263
"1585",57.3316758,10.5174617
"1586",57.0607251,9.9241319
"1587",56.7193519,10.1151108
"1588",57.4412134,10.5336225
"1589",57.4412134,10.5336225
"1590",57.0462626,9.9215263
"1591",57.10806335,10.026994911359
"1592",57.4412134,10.5336225
"1593",57.4412134,10.5336225
"1594",57.0607251,9.9241319
"1595",57.088801,9.2731047
"1596",57.457183,9.9855998
"1597",56.7193519,10.1151108
"1598",56.9562093,8.6848749
"1599",56.6952989,9.4930029
"1600",56.6500644,9.9769870113219
"1601",57.4755132,10.1994273
"1602",57.5908031,9.9649737
"1603",57.0462626,9.9215263
"1604",56.8131718,10.0598073
"1605",56.7943811,8.8594834
"1606",56.7943811,8.8594834
"1607",56.6371753,9.7939799
"1608",56.8033777,9.5168986
"1609",56.9562093,8.6848749
"1610",57.3405516,10.2409824743122
"1611",57.5908031,9.9649737
"1612",57.0462626,9.9215263
"1613",57.4755132,10.1994273
"1614",57.1463492,10.419057
"1615",57.0462626,9.9215263
"1616",57.457183,9.9855998
"1617",57.1150165,8.6144947
"1618",57.7259703,10.5844602
"1619",56.9562093,8.6848749
"1620",57.457183,9.9855998
"1621",56.6500644,9.9769870113219
"1622",56.99680905,10.3088452254522
"1623",57.3316758,10.5174617
"1624",57.0462626,9.9215263
"1625",57.10806335,10.026994911359
"1626",57.0462626,9.9215263
"1627",57.0021574,10.1003550204853
"1628",57.457183,9.9855998
"1629",57.0462626,9.9215263
"1630",57.19467445,9.95380655541971
"1631",57.0973209,9.5228664
"1632",57.7259703,10.5844602
"1633",57.0462626,9.9215263
"1634",57.0462626,9.9215263
"1635",57.0462626,9.9215263
"1636",56.6371753,9.7939799
"1637",56.99420675,9.9924949592381
"1638",64.175029,-51.7355386
"1639",64.1818234,-51.7083662
"1640",64.175029,-51.7355386
"1641",60.9127453,-46.0452698
"1642",60.718202,-46.0385214
"1643",68.7218676,-52.7841034507058
"1644",66.9371906,-53.6664816
"1645",64.175029,-51.7355386
"1646",70.4850588,-21.9641992
"1647",64.1818234,-51.7083662
"1648",64.1818234,-51.7083662
"1649",69.2197127,-51.0986385
"1650",64.175029,-51.7355386
"1651",60.718202,-46.0385214
"1652",64.175029,-51.7355386
"1653",68.8193787,-51.19335
"1654",69.246235,-53.5353658
"1655",70.6802666,-52.1117341419986
"1656",64.1818234,-51.7083662
"1657",64.1818234,-51.7083662
"1658",72.7847392,-56.1469625
"1659",65.4175454,-52.8967885
"1660",77.4686357,-69.2222746
"1661",68.31266805,-53.46018225
"1662",60.1400246,-45.2428523
"1663",66.9371906,-53.6664816
"1664",64.175029,-51.7355386
"1665",60.9127453,-46.0452698
"1666",55.6947588951501,12.5501827957275
"1667",55.6522136,12.292049
"1668",55.679751924,12.575893544
"1669",55.6850049213178,12.5878972612403
"1670",55.678016,12.5326186
"1671",55.6797655269841,12.5746751714286
"1672",55.6441712,12.4772091
"1673",55.6512783793141,12.6031985165093
"1674",55.6721879548672,12.5507659775811
"1675",55.6767833911765,12.5741702529412
"1676",55.6947588951501,12.5501827957275
"1677",55.6947588951501,12.5501827957275
"1678",55.6732726811765,12.5902632588235
"1679",55.6817406875,12.5823410625
"1680",55.67194375,12.545272625
"1681",55.6838866428571,12.5862161142857
"1682",55.6667266285714,12.5574472
"1683",55.6755347923077,12.5734538346154
"1684",55.6856249,12.4888093
"1685",55.6797655269841,12.5746751714286
"1686",55.6797655269841,12.5746751714286
"1687",55.9285735,12.3063909
"1688",55.7071650596541,12.5720185216379
"1689",55.6835672,12.4128011280619
"1690",55.6797655269841,12.5746751714286
"1691",55.632181,12.3711979917191
"1692",55.7535946,12.541436
"1693",55.7071650596541,12.5720185216379
"1694",55.6637755,12.5135924
"1695",55.6637755,12.5135924
"1696",55.136227,15.1411115
"1697",55.6947588951501,12.5501827957275
"1698",55.6484066740699,12.5359428924675
"1699",55.7071650596541,12.5720185216379
"1700",55.9285735,12.3063909
"1701",55.6784618269231,12.5691572282051
"1702",55.6797655269841,12.5746751714286
"1703",55.6947588951501,12.5501827957275
"1704",55.678016,12.5326186
"1705",55.6795343421052,12.5684088947368
"1706",55.6797655269841,12.5746751714286
"1707",55.6694748955224,12.559734
"1708",55.678016,12.5326186
"1709",55.6662138765043,12.5350366873926
"1710",55.2746124,14.799119
"1711",55.6810877969697,12.5887806393939
"1712",55.6512783793141,12.6031985165093
"1713",55.6947588951501,12.5501827957275
"1714",55.6947588951501,12.5501827957275
"1715",55.704111,12.4985492
"1716",55.6947588951501,12.5501827957275
"1717",55.678016,12.5326186
"1718",55.678016,12.5326186
"1719",55.6787866666667,12.5804463333333
"1720",55.6790715571429,12.5685601285714
"1721",55.6767833911765,12.5741702529412
"1722",55.688388,12.5906872857143
"1723",55.678016,12.5326186
"1724",55.6637755,12.5135924
"1725",56.0879176,12.4587803
"1726",55.7336657,12.5655408
"1727",55.6777284666667,12.5783872
"1728",55.6777284666667,12.5783872
"1729",55.6797655269841,12.5746751714286
"1730",55.6797655269841,12.5746751714286
"1731",55.6797655269841,12.5746751714286
"1732",55.6797655269841,12.5746751714286
"1733",55.6721879548672,12.5507659775811
"1734",55.6797655269841,12.5746751714286
"1735",55.6672247777778,12.5474303111111
"1736",55.678016,12.5326186
"1737",55.704111,12.4985492
"1738",55.6947588951501,12.5501827957275
"1739",55.6606895106383,12.5628277659574
"1740",55.6947588951501,12.5501827957275
"1741",55.678016,12.5326186
"1742",55.7336657,12.5655408
"1743",55.6441712,12.4772091
"1744",55.8417752,12.063595
"1745",55.6637755,12.5135924
"1746",55.6846295347826,12.5842900804348
"1747",55.6512783793141,12.6031985165093
"1748",55.6834801,12.5776573965753
"1749",55.6702845714286,12.5445737142857
"1750",55.6783555238095,12.5800154857143
"1751",55.7734417,12.5867628169044
"1752",55.6812495,12.4547294
"1753",55.678016,12.5326186
"1754",55.6340135,12.6291992
"1755",55.6947588951501,12.5501827957275
"1756",55.6856249,12.4888093
"1757",55.6586018,12.3562849
"1758",55.8832986,12.5000112
"1759",55.6947588951501,12.5501827957275
"1760",55.6797655269841,12.5746751714286
"1761",55.6844356692308,12.5670883923077
"1762",55.704111,12.4985492
"1763",55.6340135,12.6291992
"1764",55.6797655269841,12.5746751714286
"1765",55.6512783793141,12.6031985165093
"1766",55.6947588951501,12.5501827957275
"1767",55.6763034285714,12.5716885714286
"1768",55.6340135,12.6291992
"1769",55.678016,12.5326186
"1770",55.6764371666667,12.5761220555556
"1771",55.6714842,12.5594913
"1772",55.678016,12.5326186
"1773",55.7336657,12.5655408
"1774",55.7718649,12.5051413
"1775",55.6441712,12.4772091
"1776",55.6696962513514,12.5548558358108
"1777",55.6797655269841,12.5746751714286
"1778",55.6717986969697,12.562615
"1779",55.6947588951501,12.5501827957275
"1780",55.6441712,12.4772091
"1781",55.6797748461538,12.5773123461538
"1782",55.7337006,12.4294512663628
"1783",55.678016,12.5326186
"1784",55.6675354468085,12.5376114893617
"1785",55.7086321570431,12.5262746159423
"1786",55.6731105306123,12.5931027959184
"1787",55.6797655269841,12.5746751714286
"1788",55.6813791525424,12.5725722033898
"1789",55.6797655269841,12.5746751714286
"1790",55.6797655269841,12.5746751714286
"1791",55.6729885454545,12.5545341818182
"1792",55.6606895106383,12.5628277659574
"1793",55.704111,12.4985492
"1794",55.7337006,12.4294512663628
"1795",55.7734417,12.5867628169044
"1796",55.6797748461538,12.5773123461538
"1797",55.6850285391304,12.586255042029
"1798",55.6947588951501,12.5501827957275
"1799",55.6947588951501,12.5501827957275
"1800",55.6340135,12.6291992
"1801",55.6797655269841,12.5746751714286
"1802",55.7071650596541,12.5720185216379
"1803",55.6856828141593,12.5833690619469
"1804",55.678016,12.5326186
"1805",55.6441712,12.4772091
"1806",55.704111,12.4985492
"1807",55.6817406875,12.5823410625
"1808",55.8707776,12.3556762
"1809",55.2112235,14.9704119
"1810",55.6586018,12.3562849
"1811",55.7337006,12.4294512663628
"1812",55.6512783793141,12.6031985165093
"1813",55.679804775,12.5826967933333
"1814",55.6520089,12.1971455
"1815",55.6781618125,12.578082375
"1816",55.8417752,12.063595
"1817",55.7583936,12.4573112
"1818",55.8832986,12.5000112
"1819",55.6947588951501,12.5501827957275
"1820",55.678016,12.5326186
"1821",55.681392562069,12.5807914724138
"1822",55.6512783793141,12.6031985165093
"1823",55.6441712,12.4772091
"1824",55.6441712,12.4772091
"1825",55.6512783793141,12.6031985165093
"1826",55.6512783793141,12.6031985165093
"1827",55.6789353333333,12.574189
"1828",55.6947588951501,12.5501827957275
"1829",55.6721879548672,12.5507659775811
"1830",55.6799851603774,12.5906083962264
"1831",55.7718649,12.5051413
"1832",55.6797655269841,12.5746751714286
"1833",56.0879176,12.4587803
"1834",55.6797655269841,12.5746751714286
"1835",55.6797655269841,12.5746751714286
"1836",55.6797655269841,12.5746751714286
"1837",55.68093496,12.57125704
"1838",55.678016,12.5326186
"1839",55.6775028275862,12.5750054137931
"1840",55.6720111304348,12.5611560869565
"1841",55.6797655269841,12.5746751714286
"1842",55.7086321570431,12.5262746159423
"1843",55.6512783793141,12.6031985165093
"1844",55.7336657,12.5655408
"1845",55.672195,12.5790096666667
"1846",55.6637755,12.5135924
"1847",55.6512783793141,12.6031985165093
"1848",55.9285735,12.3063909
"1849",55.6522136,12.292049
"1850",55.6512783793141,12.6031985165093
"1851",55.6441712,12.4772091
"1852",55.6512783793141,12.6031985165093
"1853",55.6782100625,12.55997190625
"1854",55.6777284666667,12.5783872
"1855",55.6797655269841,12.5746751714286
"1856",55.6777284666667,12.5783872
"1857",55.6797655269841,12.5746751714286
"1858",55.679751924,12.575893544
"1859",55.6662138765043,12.5350366873926
"1860",55.681392562069,12.5807914724138
"1861",55.6678806292135,12.559638741573
"1862",55.6717986969697,12.562615
"1863",55.6947588951501,12.5501827957275
"1864",55.6522136,12.292049
"1865",55.6094468,12.3582555
"1866",55.681101,12.5807398333333
"1867",55.7552973,12.5671103
"1868",55.66630872,12.55863956
"1869",55.704111,12.4985492
"1870",55.6752472222222,12.5620117777778
"1871",55.7337006,12.4294512663628
"1872",55.6947588951501,12.5501827957275
"1873",55.6813791525424,12.5725722033898
"1874",55.6797655269841,12.5746751714286
"1875",55.7552973,12.5671103
"1876",55.7303589,12.3612313
"1877",55.8832986,12.5000112
"1878",55.678016,12.5326186
"1879",55.6441712,12.4772091
"1880",55.7583936,12.4573112
"1881",55.678016,12.5326186
"1882",55.6512783793141,12.6031985165093
"1883",55.6947588951501,12.5501827957275
"1884",55.8832986,12.5000112
"1885",55.6797655269841,12.5746751714286
"1886",55.7336657,12.5655408
"1887",55.2112235,14.9704119
"1888",55.6816516111111,12.5739732222222
"1889",55.6512783793141,12.6031985165093
"1890",55.687518084375,12.5934691875
"1891",55.592487,12.6719953
"1892",55.6512783793141,12.6031985165093
"1893",55.677537,12.5770716666667
"1894",55.6702845714286,12.5445737142857
"1895",55.6797655269841,12.5746751714286
"1896",55.6797655269841,12.5746751714286
"1897",55.678016,12.5326186
"1898",55.6797655269841,12.5746751714286
"1899",55.6637755,12.5135924
"1900",55.6761085925926,12.5695354444444
"1901",56.0590836,12.0742439
"1902",55.6737412307692,12.5591129230769
"1903",55.6721677692308,12.5637415384615
"1904",55.68193068625,12.5701693725
"1905",55.6797655269841,12.5746751714286
"1906",55.935056,12.5013529
"1907",55.7718649,12.5051413
"1908",55.6637755,12.5135924
"1909",55.67820085,12.57187495
"1910",55.678016,12.5326186
"1911",55.7071650596541,12.5720185216379
"1912",55.6835672,12.4128011280619
"1913",55.6441712,12.4772091
"1914",55.7718649,12.5051413
"1915",55.6797655269841,12.5746751714286
"1916",55.7957669,12.1593166
"1917",55.8101232,12.3702505
"1918",55.6812495,12.4547294
"1919",55.6512783793141,12.6031985165093
"1920",55.6441712,12.4772091
"1921",55.678016,12.5326186
"1922",55.6484066740699,12.5359428924675
"1923",55.67820085,12.57187495
"1924",55.6512783793141,12.6031985165093
"1925",55.6784618269231,12.5691572282051
"1926",55.7552973,12.5671103
"1927",55.68193068625,12.5701693725
"1928",55.7071650596541,12.5720185216379
"1929",55.6947588951501,12.5501827957275
"1930",55.7734417,12.5867628169044
"1931",55.0994511,14.7060906
"1932",55.6484066740699,12.5359428924675
"1933",55.6947588951501,12.5501827957275
"1934",55.7957669,12.1593166
"1935",55.6947588951501,12.5501827957275
"1936",55.6749741641791,12.5723837014925
"1937",55.6512783793141,12.6031985165093
"1938",55.7071650596541,12.5720185216379
"1939",55.7337006,12.4294512663628
"1940",55.6637755,12.5135924
"1941",55.644111,12.4217135
"1942",55.679751924,12.575893544
"1943",55.6340135,12.6291992
"1944",55.6947588951501,12.5501827957275
"1945",55.6797655269841,12.5746751714286
"1946",55.6947588951501,12.5501827957275
"1947",55.6662138765043,12.5350366873926
"1948",55.6797655269841,12.5746751714286
"1949",55.6797655269841,12.5746751714286
"1950",55.7086321570431,12.5262746159423
"1951",55.6850049213178,12.5878972612403
"1952",55.6784618269231,12.5691572282051
"1953",55.6947588951501,12.5501827957275
"1954",55.6512783793141,12.6031985165093
"1955",55.6850049213178,12.5878972612403
"1956",55.6653901607143,12.5480742857143
"1957",55.678016,12.5326186
"1958",56.1244169,12.3124485
"1959",55.6947588951501,12.5501827957275
"1960",55.8852394,12.197972
"1961",55.6682661753623,12.5447545652174
"1962",55.935056,12.5013529
"1963",55.678016,12.5326186
"1964",55.6696962513514,12.5548558358108
"1965",55.704111,12.4985492
"1966",55.6947588951501,12.5501827957275
"1967",55.6692337934782,12.5499476521739
"1968",55.7086321570431,12.5262746159423
"1969",55.6813791525424,12.5725722033898
"1970",55.6094468,12.3582555
"1971",55.678016,12.5326186
"1972",55.6662138765043,12.5350366873926
"1973",55.6797655269841,12.5746751714286
"1974",55.6696962513514,12.5548558358108
"1975",55.6484066740699,12.5359428924675
"1976",55.6512783793141,12.6031985165093
"1977",55.6947588951501,12.5501827957275
"1978",55.9087945,12.1552989
"1979",55.6947588951501,12.5501827957275
"1980",55.6835672,12.4128011280619
"1981",55.6947588951501,12.5501827957275
"1982",55.6441712,12.4772091
"1983",55.6797655269841,12.5746751714286
"1984",55.6667266285714,12.5574472
"1985",55.678016,12.5326186
"1986",55.6811673064516,12.5825569
"1987",55.9737042,12.0210564
"1988",55.9668501,11.8515494
"1989",55.6947588951501,12.5501827957275
"1990",55.6810877969697,12.5887806393939
"1991",55.6717671428571,12.5723942857143
"1992",55.6678806292135,12.559638741573
"1993",55.7500014,11.9619362
"1994",55.7337006,12.4294512663628
"1995",56.0348739,12.6130073
"1996",55.6947588951501,12.5501827957275
"1997",55.6856249,12.4888093
"1998",55.6947588951501,12.5501827957275
"1999",55.6810334705882,12.5783695882353
"2000",55.6947588951501,12.5501827957275
"2001",55.6787621282051,12.5780493589744
"2002",55.6787621282051,12.5780493589744
"2003",55.6947588951501,12.5501827957275
"2004",55.6724919,12.591149422
"2005",55.6340135,12.6291992
"2006",55.678016,12.5326186
"2007",55.678016,12.5326186
"2008",55.7336657,12.5655408
"2009",55.6094468,12.3582555
"2010",55.6637755,12.5135924
"2011",55.7303589,12.3612313
"2012",55.678016,12.5326186
"2013",55.7074271,12.5915656
"2014",55.7071650596541,12.5720185216379
"2015",55.7493484,12.3192001
"2016",55.678016,12.5326186
"2017",55.7071650596541,12.5720185216379
"2018",55.6637755,12.5135924
"2019",55.7071650596541,12.5720185216379
"2020",55.9668501,11.8515494
"2021",55.7337006,12.4294512663628
"2022",55.6484066740699,12.5359428924675
"2023",55.6637755,12.5135924
"2024",55.6833411083333,12.564965671875
"2025",55.6512783793141,12.6031985165093
"2026",55.6797655269841,12.5746751714286
"2027",55.6775028275862,12.5750054137931
"2028",55.6484066740699,12.5359428924675
"2029",55.6702845714286,12.5445737142857
"2030",55.6696962513514,12.5548558358108
"2031",55.8125143,12.4687513
"2032",55.6783555238095,12.5800154857143
"2033",55.6947588951501,12.5501827957275
"2034",55.678016,12.5326186
"2035",55.7071650596541,12.5720185216379
"2036",55.6797655269841,12.5746751714286
"2037",55.6833411083333,12.564965671875
"2038",55.7071650596541,12.5720185216379
"2039",55.6717826666667,12.5545426666667
"2040",55.67956445,12.58360215
"2041",55.6715563846154,12.5732492307692
"2042",55.6799851603774,12.5906083962264
"2043",55.84741145,12.1705060886353
"2044",55.6512783793141,12.6031985165093
"2045",55.6812495,12.4547294
"2046",55.6856249,12.4888093
"2047",55.7086321570431,12.5262746159423
"2048",56.094705,12.3859617874532
"2049",55.6843363283582,12.569834119403
"2050",55.6669914333333,12.5459561333333
"2051",55.6512783793141,12.6031985165093
"2052",55.7337006,12.4294512663628
"2053",55.6856249,12.4888093
"2054",55.6797655269841,12.5746751714286
"2055",55.6797655269841,12.5746751714286
"2056",55.6799851603774,12.5906083962264
"2057",55.7303589,12.3612313
"2058",55.6947588951501,12.5501827957275
"2059",55.6834801,12.5776573965753
"2060",55.6947588951501,12.5501827957275
"2061",56.0348739,12.6130073
"2062",55.6512783793141,12.6031985165093
"2063",55.6947588951501,12.5501827957275
"2064",55.6696962513514,12.5548558358108
"2065",55.6808374545454,12.5733668787879
"2066",55.6512783793141,12.6031985165093
"2067",55.6522136,12.292049
"2068",55.9285735,12.3063909
"2069",55.6947588951501,12.5501827957275
"2070",55.6830913445378,12.5939900008403
"2071",55.6522136,12.292049
"2072",55.67723016,12.56230168
"2073",55.6806685733333,12.5623817933333
"2074",55.8125143,12.4687513
"2075",55.678016,12.5326186
"2076",55.7071650596541,12.5720185216379
"2077",55.6653901607143,12.5480742857143
"2078",55.7337006,12.4294512663628
"2079",55.6947588951501,12.5501827957275
"2080",55.6512783793141,12.6031985165093
"2081",55.7158721,12.3196104
"2082",55.678016,12.5326186
"2083",55.6713727777778,12.5580923777778
"2084",55.7337006,12.4294512663628
"2085",55.6662138765043,12.5350366873926
"2086",55.6810877969697,12.5887806393939
"2087",55.6835672,12.4128011280619
"2088",55.6856249,12.4888093
"2089",55.6522136,12.292049
"2090",55.7535946,12.541436
"2091",55.7535946,12.541436
"2092",55.6797655269841,12.5746751714286
"2093",55.6847622364341,12.5935883372093
"2094",55.2112235,14.9704119
"2095",55.6812495,12.4547294
"2096",55.6797655269841,12.5746751714286
"2097",55.6808052,12.5840284
"2098",55.678016,12.5326186
"2099",55.6797748461538,12.5773123461538
"2100",55.6947588951501,12.5501827957275
"2101",55.7193538,12.3962329
"2102",55.84741145,12.1705060886353
"2103",55.6484066740699,12.5359428924675
"2104",55.6784014051282,12.5893641589744
"2105",55.6947588951501,12.5501827957275
"2106",55.6797655269841,12.5746751714286
"2107",55.6797655269841,12.5746751714286
"2108",55.6797655269841,12.5746751714286
"2109",55.6797655269841,12.5746751714286
"2110",55.6797655269841,12.5746751714286
"2111",55.6797655269841,12.5746751714286
"2112",55.6702845714286,12.5445737142857
"2113",55.7071650596541,12.5720185216379
"2114",55.678016,12.5326186
"2115",55.6813791525424,12.5725722033898
"2116",55.6784618269231,12.5691572282051
"2117",55.6484066740699,12.5359428924675
"2118",55.6512783793141,12.6031985165093
"2119",55.6720111304348,12.5611560869565
"2120",55.6784618269231,12.5691572282051
"2121",55.6947588951501,12.5501827957275
"2122",55.7682789,12.1985549
"2123",55.6512783793141,12.6031985165093
"2124",55.6850049213178,12.5878972612403
"2125",55.6512783793141,12.6031985165093
"2126",55.6696962513514,12.5548558358108
"2127",55.677703890625,12.569998640625
"2128",55.6812495,12.4547294
"2129",55.0994511,14.7060906
"2130",55.7552973,12.5671103
"2131",55.678016,12.5326186
"2132",56.0211073,12.1951087
"2133",55.6813194,12.5953292
"2134",55.2112235,14.9704119
"2135",55.6947588951501,12.5501827957275
"2136",55.8101232,12.3702505
"2137",55.6512783793141,12.6031985165093
"2138",55.6813791525424,12.5725722033898
"2139",55.7086321570431,12.5262746159423
"2140",55.688388,12.5906872857143
"2141",55.6790715571429,12.5685601285714
"2142",55.6637755,12.5135924
"2143",55.6797655269841,12.5746751714286
"2144",55.6512783793141,12.6031985165093
"2145",55.6662138765043,12.5350366873926
"2146",55.736468,12.5088728
"2147",55.6947588951501,12.5501827957275
"2148",55.6797655269841,12.5746751714286
"2149",55.6797655269841,12.5746751714286
"2150",55.678016,12.5326186
"2151",55.6721879548672,12.5507659775811
"2152",55.7071650596541,12.5720185216379
"2153",55.6947588951501,12.5501827957275
"2154",55.7718649,12.5051413
"2155",55.6834801,12.5776573965753
"2156",55.6484066740699,12.5359428924675
"2157",55.6835672,12.4128011280619
"2158",55.6721879548672,12.5507659775811
"2159",55.678016,12.5326186
"2160",55.8505813,11.9916517
"2161",55.644111,12.4217135
"2162",55.6947588951501,12.5501827957275
"2163",55.7071650596541,12.5720185216379
"2164",55.6867243,12.5700724
"2165",55.6512783793141,12.6031985165093
"2166",55.7552973,12.5671103
"2167",55.9285735,12.3063909
"2168",55.6850049213178,12.5878972612403
"2169",56.0211073,12.1951087
"2170",55.6947588951501,12.5501827957275
"2171",55.6694748955224,12.559734
"2172",55.7086321570431,12.5262746159423
"2173",55.7336657,12.5655408
"2174",55.7337006,12.4294512663628
"2175",55.8540912,12.5653124
"2176",56.0348739,12.6130073
"2177",55.6637755,12.5135924
"2178",55.592487,12.6719953
"2179",55.6947588951501,12.5501827957275
"2180",55.6710330909091,12.5907694545455
"2181",55.6838866428571,12.5862161142857
"2182",55.679751924,12.575893544
"2183",55.6512783793141,12.6031985165093
"2184",55.6797655269841,12.5746751714286
"2185",55.736468,12.5088728
"2186",55.7682789,12.1985549
"2187",55.6947588951501,12.5501827957275
"2188",55.6834801,12.5776573965753
"2189",55.6512783793141,12.6031985165093
"2190",55.6947588951501,12.5501827957275
"2191",55.6702845714286,12.5445737142857
"2192",55.6799851603774,12.5906083962264
"2193",55.6831097142857,12.5743855714286
"2194",55.6512783793141,12.6031985165093
"2195",55.7071650596541,12.5720185216379
"2196",55.6637755,12.5135924
"2197",55.6850285391304,12.586255042029
"2198",55.7939593,12.4694709
"2199",55.632181,12.3711979917191
"2200",55.6817406875,12.5823410625
"2201",55.6850049213178,12.5878972612403
"2202",55.8832986,12.5000112
"2203",55.6512783793141,12.6031985165093
"2204",55.6856249,12.4888093
"2205",55.6947588951501,12.5501827957275
"2206",55.6696962513514,12.5548558358108
"2207",55.6947588951501,12.5501827957275
"2208",55.6441712,12.4772091
"2209",55.687759775946,12.6128884702703
"2210",55.6884804255319,12.581305
"2211",55.6947588951501,12.5501827957275
"2212",55.6721879548672,12.5507659775811
"2213",55.0684087,14.9097030069965
"2214",55.6797655269841,12.5746751714286
"2215",55.6797655269841,12.5746751714286
"2216",55.7552973,12.5671103
"2217",55.6824180611111,12.5738354888889
"2218",55.6947588951501,12.5501827957275
"2219",55.7718649,12.5051413
"2220",55.6947588951501,12.5501827957275
"2221",55.6678806292135,12.559638741573
"2222",55.0684087,14.9097030069965
"2223",55.6878117597938,12.5788619061856
"2224",55.6340135,12.6291992
"2225",55.6441712,12.4772091
"2226",55.6834801,12.5776573965753
"2227",55.6340135,12.6291992
"2228",55.6696962513514,12.5548558358108
"2229",55.678016,12.5326186
"2230",55.678016,12.5326186
"2231",55.7071650596541,12.5720185216379
"2232",55.6797655269841,12.5746751714286
"2233",55.6684795121951,12.5542505853659
"2234",55.678084,12.5766259285714
"2235",55.6797655269841,12.5746751714286
"2236",55.6522136,12.292049
"2237",55.6637755,12.5135924
"2238",55.704111,12.4985492
"2239",55.6834801,12.5776573965753
"2240",55.6834801,12.5776573965753
"2241",55.6653901607143,12.5480742857143
"2242",55.687759775946,12.6128884702703
"2243",55.6512783793141,12.6031985165093
"2244",55.6662138765043,12.5350366873926
"2245",55.6797655269841,12.5746751714286
"2246",55.7158721,12.3196104
"2247",55.7535946,12.541436
"2248",55.6838866428571,12.5862161142857
"2249",55.7071650596541,12.5720185216379
"2250",55.6947588951501,12.5501827957275
"2251",55.6696962513514,12.5548558358108
"2252",55.6441712,12.4772091
"2253",55.6947588951501,12.5501827957275
"2254",55.7071650596541,12.5720185216379
"2255",55.6512783793141,12.6031985165093
"2256",55.6512783793141,12.6031985165093
"2257",55.136227,15.1411115
"2258",55.6947588951501,12.5501827957275
"2259",55.9285735,12.3063909
"2260",55.6856249,12.4888093
"2261",55.6586018,12.3562849
"2262",56.094705,12.3859617874532
"2263",55.736468,12.5088728
"2264",55.6791758846154,12.5753105384615
"2265",55.6947588951501,12.5501827957275
"2266",55.678016,12.5326186
"2267",55.6741847609375,12.577189965625
"2268",55.6522136,12.292049
"2269",55.6850049213178,12.5878972612403
"2270",55.6732419940476,12.5928458702381
"2271",55.7734417,12.5867628169044
"2272",55.6797655269841,12.5746751714286
"2273",55.6797655269841,12.5746751714286
"2274",55.6797655269841,12.5746751714286
"2275",55.6721879548672,12.5507659775811
"2276",55.7718649,12.5051413
"2277",55.6797655269841,12.5746751714286
"2278",55.6797655269841,12.5746751714286
"2279",55.6797655269841,12.5746751714286
"2280",55.6797655269841,12.5746751714286
"2281",55.736468,12.5088728
"2282",55.6812495,12.4547294
"2283",55.736468,12.5088728
"2284",55.6856828141593,12.5833690619469
"2285",55.6721879548672,12.5507659775811
"2286",55.6856249,12.4888093
"2287",55.678016,12.5326186
"2288",55.7071650596541,12.5720185216379
"2289",55.6784618269231,12.5691572282051
"2290",55.6512783793141,12.6031985165093
"2291",55.7086321570431,12.5262746159423
"2292",55.6774548,12.5819932
"2293",55.6947588951501,12.5501827957275
"2294",55.6947588951501,12.5501827957275
"2295",55.736468,12.5088728
"2296",56.0348739,12.6130073
"2297",55.6812495,12.4547294
"2298",55.678016,12.5326186
"2299",55.678016,12.5326186
"2300",55.6797655269841,12.5746751714286
"2301",55.6856249,12.4888093
"2302",55.8832986,12.5000112
"2303",55.678016,12.5326186
"2304",55.6797655269841,12.5746751714286
"2305",55.6856249,12.4888093
"2306",55.7086321570431,12.5262746159423
"2307",55.704111,12.4985492
"2308",55.9668501,11.8515494
"2309",55.6947588951501,12.5501827957275
"2310",55.704111,12.4985492
"2311",55.6441712,12.4772091
"2312",55.678016,12.5326186
"2313",55.704111,12.4985492
"2314",55.7071650596541,12.5720185216379
"2315",55.678016,12.5326186
"2316",55.7071650596541,12.5720185216379
"2317",55.6094468,12.3582555
"2318",55.6947588951501,12.5501827957275
"2319",55.7071650596541,12.5720185216379
"2320",55.6694748955224,12.559734
"2321",55.7086321570431,12.5262746159423
"2322",55.935056,12.5013529
"2323",55.6484066740699,12.5359428924675
"2324",55.783333,12.383333
"2325",55.18241695,14.7070987808908
"2326",55.6947588951501,12.5501827957275
"2327",55.6512783793141,12.6031985165093
"2328",55.6797655269841,12.5746751714286
"2329",55.6797655269841,12.5746751714286
"2330",55.6721879548672,12.5507659775811
"2331",55.6512783793141,12.6031985165093
"2332",55.678016,12.5326186
"2333",55.6801090588235,12.5800142352941
"2334",55.6484066740699,12.5359428924675
"2335",55.6797655269841,12.5746751714286
"2336",56.1244169,12.3124485
"2337",55.7071650596541,12.5720185216379
"2338",55.7071650596541,12.5720185216379
"2339",55.66674875,12.5460829444444
"2340",55.6094468,12.3582555
"2341",55.6512783793141,12.6031985165093
"2342",55.6797655269841,12.5746751714286
"2343",55.704111,12.4985492
"2344",55.6692337934782,12.5499476521739
"2345",56.0590836,12.0742439
"2346",55.7071650596541,12.5720185216379
"2347",56.094705,12.3859617874532
"2348",55.6834801,12.5776573965753
"2349",55.6682661753623,12.5447545652174
"2350",55.6512783793141,12.6031985165093
"2351",55.6834801,12.5776573965753
"2352",55.681101,12.5807398333333
"2353",55.6797655269841,12.5746751714286
"2354",55.6702845714286,12.5445737142857
"2355",55.6749741641791,12.5723837014925
"2356",55.7535946,12.541436
"2357",55.6817406875,12.5823410625
"2358",55.679751924,12.575893544
"2359",55.6512783793141,12.6031985165093
"2360",55.6694748955224,12.559734
"2361",55.678016,12.5326186
"2362",55.6797655269841,12.5746751714286
"2363",55.7583936,12.4573112
"2364",55.6441712,12.4772091
"2365",55.6694748955224,12.559734
"2366",55.84741145,12.1705060886353
"2367",55.6947588951501,12.5501827957275
"2368",55.6441712,12.4772091
"2369",55.6512783793141,12.6031985165093
"2370",55.671077877193,12.5568377192982
"2371",56.0348739,12.6130073
"2372",55.67820085,12.57187495
"2373",55.6637755,12.5135924
"2374",55.6784618269231,12.5691572282051
"2375",55.6755347923077,12.5734538346154
"2376",55.6797655269841,12.5746751714286
"2377",55.7303589,12.3612313
"2378",55.6512783793141,12.6031985165093
"2379",55.66641890625,12.5690216875
"2380",55.6768738653846,12.6098503653846
"2381",55.6823121111111,12.5727919444444
"2382",55.6947588951501,12.5501827957275
"2383",55.6947588951501,12.5501827957275
"2384",55.6512783793141,12.6031985165093
"2385",55.6812495,12.4547294
"2386",55.8832986,12.5000112
"2387",55.6721879548672,12.5507659775811
"2388",55.6512783793141,12.6031985165093
"2389",55.6721879548672,12.5507659775811
"2390",56.0348739,12.6130073
"2391",55.678016,12.5326186
"2392",55.678016,12.5326186
"2393",55.6637755,12.5135924
"2394",55.6694748955224,12.559734
"2395",55.7718649,12.5051413
"2396",55.6512783793141,12.6031985165093
"2397",55.6721879548672,12.5507659775811
"2398",55.6838866428571,12.5862161142857
"2399",55.6797655269841,12.5746751714286
"2400",55.6797655269841,12.5746751714286
"2401",55.678629375,12.575007475
"2402",55.6947588951501,12.5501827957275
"2403",55.9087945,12.1552989
"2404",55.6721879548672,12.5507659775811
"2405",55.7071650596541,12.5720185216379
"2406",55.6484066740699,12.5359428924675
"2407",55.6784618269231,12.5691572282051
"2408",55.6749741641791,12.5723837014925
"2409",55.678016,12.5326186
"2410",55.6797655269841,12.5746751714286
"2411",55.6797655269841,12.5746751714286
"2412",55.6797655269841,12.5746751714286
"2413",55.6797655269841,12.5746751714286
"2414",55.678016,12.5326186
"2415",55.6830514865854,12.56627425
"2416",55.6682661753623,12.5447545652174
"2417",55.6441712,12.4772091
"2418",55.6797655269841,12.5746751714286
"2419",55.644111,12.4217135
"2420",55.6721879548672,12.5507659775811
"2421",55.678016,12.5326186
"2422",55.6947588951501,12.5501827957275
"2423",55.8417752,12.063595
"2424",55.7086321570431,12.5262746159423
"2425",55.7336657,12.5655408
"2426",55.6512783793141,12.6031985165093
"2427",55.6694748955224,12.559734
"2428",55.6757974238095,12.5647525190476
"2429",55.6777284666667,12.5783872
"2430",55.6777284666667,12.5783872
"2431",55.6797655269841,12.5746751714286
"2432",55.6777284666667,12.5783872
"2433",55.6797655269841,12.5746751714286
"2434",55.7583936,12.4573112
"2435",55.7086321570431,12.5262746159423
"2436",55.678016,12.5326186
"2437",55.6947588951501,12.5501827957275
"2438",55.783333,12.383333
"2439",55.6856249,12.4888093
"2440",55.6947588951501,12.5501827957275
"2441",55.7071650596541,12.5720185216379
"2442",55.7071650596541,12.5720185216379
"2443",55.688388,12.5906872857143
"2444",55.687759775946,12.6128884702703
"2445",56.0590836,12.0742439
"2446",55.6637755,12.5135924
"2447",55.6947588951501,12.5501827957275
"2448",55.6797655269841,12.5746751714286
"2449",55.687518084375,12.5934691875
"2450",55.679804775,12.5826967933333
"2451",55.6512783793141,12.6031985165093
"2452",55.7086321570431,12.5262746159423
"2453",55.6740642083333,12.594575375
"2454",55.7086321570431,12.5262746159423
"2455",55.6797655269841,12.5746751714286
"2456",55.6787866666667,12.5804463333333
"2457",55.6755347923077,12.5734538346154
"2458",55.6947588951501,12.5501827957275
"2459",55.6797655269841,12.5746751714286
"2460",55.7071650596541,12.5720185216379
"2461",55.7336657,12.5655408
"2462",55.7303589,12.3612313
"2463",55.678016,12.5326186
"2464",55.704111,12.4985492
"2465",55.7734417,12.5867628169044
"2466",55.678016,12.5326186
"2467",55.7086321570431,12.5262746159423
"2468",55.67820085,12.57187495
"2469",55.6947588951501,12.5501827957275
"2470",55.6637755,12.5135924
"2471",56.0631535,12.2843814
"2472",55.6947588951501,12.5501827957275
"2473",55.6512783793141,12.6031985165093
"2474",55.6797655269841,12.5746751714286
"2475",55.6947588951501,12.5501827957275
"2476",55.8125143,12.4687513
"2477",55.6947588951501,12.5501827957275
"2478",55.6764371666667,12.5761220555556
"2479",55.2746124,14.799119
"2480",55.6702845714286,12.5445737142857
"2481",55.6834801,12.5776573965753
"2482",55.7071650596541,12.5720185216379
"2483",55.6512783793141,12.6031985165093
"2484",55.6696962513514,12.5548558358108
"2485",55.7718649,12.5051413
"2486",55.7086321570431,12.5262746159423
"2487",55.6637755,12.5135924
"2488",55.678016,12.5326186
"2489",55.6797655269841,12.5746751714286
"2490",55.6790715571429,12.5685601285714
"2491",55.6783555238095,12.5800154857143
"2492",55.6732266407408,12.5955441308642
"2493",55.6850049213178,12.5878972612403
"2494",55.6797655269841,12.5746751714286
"2495",55.6751595,12.5930386666667
"2496",55.66783184375,12.53965590625
"2497",55.6843363283582,12.569834119403
"2498",55.6484066740699,12.5359428924675
"2499",55.6784017885714,12.5693644428571
"2500",55.67605525,12.5741381666667
"2501",55.7071650596541,12.5720185216379
"2502",55.0994511,14.7060906
"2503",55.7718649,12.5051413
"2504",56.0211073,12.1951087
"2505",55.7086321570431,12.5262746159423
"2506",55.7071650596541,12.5720185216379
"2507",55.6867243,12.5700724
"2508",55.6340135,12.6291992
"2509",55.6768738653846,12.6098503653846
"2510",55.7158721,12.3196104
"2511",55.66783184375,12.53965590625
"2512",55.7718649,12.5051413
"2513",55.9046232,12.4983774
"2514",55.0684087,14.9097030069965
"2515",55.678016,12.5326186
"2516",55.6947588951501,12.5501827957275
"2517",55.0994511,14.7060906
"2518",55.644111,12.4217135
"2519",55.6637755,12.5135924
"2520",55.6653901607143,12.5480742857143
"2521",55.8707776,12.3556762
"2522",56.1244169,12.3124485
"2523",55.6787621282051,12.5780493589744
"2524",55.6484066740699,12.5359428924675
"2525",55.7086321570431,12.5262746159423
"2526",55.9285735,12.3063909
"2527",55.6721879548672,12.5507659775811
"2528",55.6484066740699,12.5359428924675
"2529",55.6637755,12.5135924
"2530",55.6662138765043,12.5350366873926
"2531",56.1244169,12.3124485
"2532",55.6484066740699,12.5359428924675
"2533",55.7535946,12.541436
"2534",55.704111,12.4985492
"2535",55.6771192466667,12.575272135
"2536",55.6766348571429,12.5710253571429
"2537",55.6682661753623,12.5447545652174
"2538",55.8417752,12.063595
"2539",55.7158721,12.3196104
"2540",55.6947588951501,12.5501827957275
"2541",56.1244169,12.3124485
"2542",55.9737042,12.0210564
"2543",55.8403369,12.4287796
"2544",55.592487,12.6719953
"2545",55.6441712,12.4772091
"2546",55.678016,12.5326186
"2547",55.6637755,12.5135924
"2548",55.6947588951501,12.5501827957275
"2549",55.6694748955224,12.559734
"2550",55.06392935,15.1274903617089
"2551",55.6947588951501,12.5501827957275
"2552",55.6520089,12.1971455
"2553",56.1244169,12.3124485
"2554",55.6520089,12.1971455
"2555",55.8505813,11.9916517
"2556",55.6696962513514,12.5548558358108
"2557",55.7071650596541,12.5720185216379
"2558",55.687759775946,12.6128884702703
"2559",55.7071650596541,12.5720185216379
"2560",56.0348739,12.6130073
"2561",55.6653901607143,12.5480742857143
"2562",55.6850049213178,12.5878972612403
"2563",55.6755243666667,12.5940004
"2564",55.6947588951501,12.5501827957275
"2565",56.0211073,12.1951087
"2566",55.6830514865854,12.56627425
"2567",55.9821565,12.3950911447557
"2568",55.687882978125,12.572049934375
"2569",55.6947588951501,12.5501827957275
"2570",55.7071650596541,12.5720185216379
"2571",56.0348739,12.6130073
"2572",55.6721879548672,12.5507659775811
"2573",55.644111,12.4217135
"2574",55.6947588951501,12.5501827957275
"2575",55.7086321570431,12.5262746159423
"2576",55.678016,12.5326186
"2577",55.2746124,14.799119
"2578",55.678016,12.5326186
"2579",55.9285735,12.3063909
"2580",55.06392935,15.1274903617089
"2581",55.84741145,12.1705060886353
"2582",55.7071650596541,12.5720185216379
"2583",55.8505813,11.9916517
"2584",55.681889,12.5557629166667
"2585",55.68193068625,12.5701693725
"2586",55.783333,12.383333
"2587",55.6512783793141,12.6031985165093
"2588",55.6947588951501,12.5501827957275
"2589",55.7086321570431,12.5262746159423
"2590",55.06392935,15.1274903617089
"2591",55.7071650596541,12.5720185216379
"2592",55.644111,12.4217135
"2593",55.9285735,12.3063909
"2594",55.7071650596541,12.5720185216379
"2595",55.7071650596541,12.5720185216379
"2596",55.6522136,12.292049
"2597",55.7086321570431,12.5262746159423
"2598",56.0348739,12.6130073
"2599",55.6740642083333,12.594575375
"2600",55.7718649,12.5051413
"2601",55.678016,12.5326186
"2602",55.6512783793141,12.6031985165093
"2603",55.6522136,12.292049
"2604",55.678016,12.5326186
"2605",56.1244169,12.3124485
"2606",55.6512783793141,12.6031985165093
"2607",55.7071650596541,12.5720185216379
"2608",55.6812495,12.4547294
"2609",55.678016,12.5326186
"2610",55.6696962513514,12.5548558358108
"2611",55.7086321570431,12.5262746159423
"2612",55.6441712,12.4772091
"2613",55.9668501,11.8515494
"2614",55.6743755263158,12.5711488736842
"2615",56.0348739,12.6130073
"2616",55.7718649,12.5051413
"2617",55.7086321570431,12.5262746159423
"2618",56.0348739,12.6130073
"2619",55.677923875,12.58279425
"2620",55.6637755,12.5135924
"2621",55.704111,12.4985492
"2622",55.7086321570431,12.5262746159423
"2623",55.935056,12.5013529
"2624",55.7552973,12.5671103
"2625",55.6512783793141,12.6031985165093
"2626",55.704111,12.4985492
"2627",55.6717907142857,12.5633038571429
"2628",55.136227,15.1411115
"2629",55.6947588951501,12.5501827957275
"2630",55.7086321570431,12.5262746159423
"2631",55.6947588951501,12.5501827957275
"2632",55.6512783793141,12.6031985165093
"2633",55.6522136,12.292049
"2634",55.136227,15.1411115
"2635",55.6512783793141,12.6031985165093
"2636",55.7086321570431,12.5262746159423
"2637",55.6522136,12.292049
"2638",55.06392935,15.1274903617089
"2639",55.9821565,12.3950911447557
"2640",55.7071650596541,12.5720185216379
"2641",55.6823121111111,12.5727919444444
"2642",55.8417752,12.063595
"2643",55.592487,12.6719953
"2644",55.6773397833333,12.5900784027778
"2645",55.7718649,12.5051413
"2646",55.704111,12.4985492
"2647",55.6512783793141,12.6031985165093
"2648",55.6775028275862,12.5750054137931
"2649",55.6663155481481,12.55256035
"2650",55.7071650596541,12.5720185216379
"2651",55.6741847609375,12.577189965625
"2652",55.681851816,12.57960698
"2653",55.644111,12.4217135
"2654",55.6484066740699,12.5359428924675
"2655",55.6522136,12.292049
"2656",55.704111,12.4985492
"2657",55.7718649,12.5051413
"2658",55.68292144,12.57561104
"2659",56.0590836,12.0742439
"2660",55.7682789,12.1985549
"2661",55.935056,12.5013529
"2662",55.7071650596541,12.5720185216379
"2663",55.6947588951501,12.5501827957275
"2664",56.0348739,12.6130073
"2665",55.6512783793141,12.6031985165093
"2666",55.6512783793141,12.6031985165093
"2667",55.678016,12.5326186
"2668",55.6520089,12.1971455
"2669",55.6947588951501,12.5501827957275
"2670",55.704111,12.4985492
"2671",55.8832986,12.5000112
"2672",55.6856249,12.4888093
"2673",55.704111,12.4985492
"2674",55.678016,12.5326186
"2675",55.6732266407408,12.5955441308642
"2676",56.0348739,12.6130073
"2677",55.6512783793141,12.6031985165093
"2678",55.704111,12.4985492
"2679",55.7583936,12.4573112
"2680",55.6947588951501,12.5501827957275
"2681",55.9285735,12.3063909
"2682",55.0994511,14.7060906
"2683",55.6947588951501,12.5501827957275
"2684",55.678016,12.5326186
"2685",56.0631535,12.2843814
"2686",56.0348739,12.6130073
"2687",55.6947588951501,12.5501827957275
"2688",55.6512783793141,12.6031985165093
"2689",55.6770014130435,12.5714038
"2690",55.9668501,11.8515494
"2691",55.06392935,15.1274903617089
"2692",55.6696962513514,12.5548558358108
"2693",55.6947588951501,12.5501827957275
"2694",55.678016,12.5326186
"2695",55.6700223636364,12.5712333636364
"2696",55.6692337934782,12.5499476521739
"2697",55.7303589,12.3612313
"2698",55.6947588951501,12.5501827957275
"2699",55.8417752,12.063595
"2700",55.6947588951501,12.5501827957275
"2701",55.8101232,12.3702505
"2702",55.6512783793141,12.6031985165093
"2703",55.7718649,12.5051413
"2704",55.7337006,12.4294512663628
"2705",55.7071650596541,12.5720185216379
"2706",55.6637755,12.5135924
"2707",55.6947588951501,12.5501827957275
"2708",55.6835672,12.4128011280619
"2709",55.7071650596541,12.5720185216379
"2710",55.9737042,12.0210564
"2711",55.6831097142857,12.5743855714286
"2712",55.6835672,12.4128011280619
"2713",55.9087945,12.1552989
"2714",55.6520089,12.1971455
"2715",55.6586018,12.3562849
"2716",55.7071650596541,12.5720185216379
"2717",55.6512783793141,12.6031985165093
"2718",55.6947588951501,12.5501827957275
"2719",55.7086321570431,12.5262746159423
"2720",55.136227,15.1411115
"2721",56.0348739,12.6130073
"2722",55.7303589,12.3612313
"2723",55.687518084375,12.5934691875
"2724",55.7939593,12.4694709
"2725",55.6512783793141,12.6031985165093
"2726",55.6856249,12.4888093
"2727",55.6784017885714,12.5693644428571
"2728",55.6808374545454,12.5733668787879
"2729",55.6637755,12.5135924
"2730",55.6732419940476,12.5928458702381
"2731",55.6682661753623,12.5447545652174
"2732",55.6441712,12.4772091
"2733",55.704111,12.4985492
"2734",55.678016,12.5326186
"2735",55.678016,12.5326186
"2736",55.6682661753623,12.5447545652174
"2737",55.6947588951501,12.5501827957275
"2738",55.06392935,15.1274903617089
"2739",55.678016,12.5326186
"2740",55.6637755,12.5135924
"2741",55.6812495,12.4547294
"2742",55.6947588951501,12.5501827957275
"2743",55.687759775946,12.6128884702703
"2744",55.7074271,12.5915656
"2745",55.6947588951501,12.5501827957275
"2746",55.6637755,12.5135924
"2747",55.0994511,14.7060906
"2748",55.6947588951501,12.5501827957275
"2749",55.6512783793141,12.6031985165093
"2750",55.0994511,14.7060906
"2751",55.6784618269231,12.5691572282051
"2752",55.6720111304348,12.5611560869565
"2753",56.0631535,12.2843814
"2754",55.6520089,12.1971455
"2755",55.6808374545454,12.5733668787879
"2756",56.0750002,12.5383162
"2757",55.6696962513514,12.5548558358108
"2758",55.678016,12.5326186
"2759",55.6947588951501,12.5501827957275
"2760",55.6512783793141,12.6031985165093
"2761",55.6512783793141,12.6031985165093
"2762",55.592487,12.6719953
"2763",55.704111,12.4985492
"2764",55.678016,12.5326186
"2765",56.0879176,12.4587803
"2766",55.736468,12.5088728
"2767",55.9899825,12.4976071
"2768",55.678016,12.5326186
"2769",55.678016,12.5326186
"2770",55.678016,12.5326186
"2771",55.6637755,12.5135924
"2772",55.0994511,14.7060906
"2773",55.6728714736842,12.5907796578947
"2774",55.6867243,12.5700724
"2775",55.678016,12.5326186
"2776",55.6817406875,12.5823410625
"2777",55.7734417,12.5867628169044
"2778",55.7071650596541,12.5720185216379
"2779",55.7071650596541,12.5720185216379
"2780",56.0631535,12.2843814
"2781",55.7583936,12.4573112
"2782",55.6512783793141,12.6031985165093
"2783",55.6947588951501,12.5501827957275
"2784",55.6696962513514,12.5548558358108
"2785",55.6637755,12.5135924
"2786",55.6637755,12.5135924
"2787",55.704111,12.4985492
"2788",55.9668501,11.8515494
"2789",55.9285735,12.3063909
"2790",55.6839626044776,12.5899717895522
"2791",55.6780188275862,12.5753176896552
"2792",56.0631535,12.2843814
"2793",55.6484066740699,12.5359428924675
"2794",55.7086321570431,12.5262746159423
"2795",55.678016,12.5326186
"2796",55.0994511,14.7060906
"2797",56.1244169,12.3124485
"2798",55.7071650596541,12.5720185216379
"2799",55.783333,12.383333
"2800",55.6520089,12.1971455
"2801",55.0994511,14.7060906
"2802",55.7086321570431,12.5262746159423
"2803",55.6340135,12.6291992
"2804",55.7086321570431,12.5262746159423
"2805",55.6512783793141,12.6031985165093
"2806",55.678016,12.5326186
"2807",55.7337006,12.4294512663628
"2808",55.6947588951501,12.5501827957275
"2809",55.6512783793141,12.6031985165093
"2810",55.7071650596541,12.5720185216379
"2811",55.7337006,12.4294512663628
"2812",55.6947588951501,12.5501827957275
"2813",55.7071650596541,12.5720185216379
"2814",55.704111,12.4985492
"2815",55.6828859473684,12.5561194210526
"2816",55.0994511,14.7060906
"2817",55.673685,12.5501234666667
"2818",55.678016,12.5326186
"2819",55.8417752,12.063595
"2820",55.6692337934782,12.5499476521739
"2821",55.9618789,12.5305462
"2822",55.6856249,12.4888093
"2823",55.6947588951501,12.5501827957275
"2824",55.9737042,12.0210564
"2825",55.7303589,12.3612313
"2826",55.6672247777778,12.5474303111111
"2827",55.7337006,12.4294512663628
"2828",55.7086321570431,12.5262746159423
"2829",55.6947588951501,12.5501827957275
"2830",55.6717826666667,12.5545426666667
"2831",55.06392935,15.1274903617089
"2832",55.6484066740699,12.5359428924675
"2833",55.7303589,12.3612313
"2834",55.6512783793141,12.6031985165093
"2835",55.6947588951501,12.5501827957275
"2836",55.7071650596541,12.5720185216379
"2837",56.094705,12.3859617874532
"2838",55.6771192466667,12.575272135
"2839",55.7086321570431,12.5262746159423
"2840",55.7071650596541,12.5720185216379
"2841",55.6441712,12.4772091
"2842",55.9087945,12.1552989
"2843",55.7086321570431,12.5262746159423
"2844",55.6512783793141,12.6031985165093
"2845",55.6878117597938,12.5788619061856
"2846",55.678016,12.5326186
"2847",56.0211073,12.1951087
"2848",55.6637755,12.5135924
"2849",55.6947588951501,12.5501827957275
"2850",55.6512783793141,12.6031985165093
"2851",55.6512783793141,12.6031985165093
"2852",55.7086321570431,12.5262746159423
"2853",55.6856828141593,12.5833690619469
"2854",55.6786455,12.5736475
"2855",56.0348739,12.6130073
"2856",55.6663155481481,12.55256035
"2857",55.0994511,14.7060906
"2858",55.6512783793141,12.6031985165093
"2859",56.0348739,12.6130073
"2860",55.6947588951501,12.5501827957275
"2861",55.8403369,12.4287796
"2862",55.6586018,12.3562849
"2863",55.6512783793141,12.6031985165093
"2864",55.6512783793141,12.6031985165093
"2865",55.0994511,14.7060906
"2866",55.8125143,12.4687513
"2867",55.7583936,12.4573112
"2868",55.6512783793141,12.6031985165093
"2869",55.677519,12.5812742727273
"2870",55.9737042,12.0210564
"2871",55.9618789,12.5305462
"2872",55.8540912,12.5653124
"2873",55.678016,12.5326186
"2874",55.6812495,12.4547294
"2875",55.6512783793141,12.6031985165093
"2876",55.18241695,14.7070987808908
"2877",55.7303589,12.3612313
"2878",55.7071650596541,12.5720185216379
"2879",55.6947588951501,12.5501827957275
"2880",56.0348739,12.6130073
"2881",55.678016,12.5326186
"2882",55.6884804255319,12.581305
"2883",55.6696962513514,12.5548558358108
"2884",55.6653901607143,12.5480742857143
"2885",55.6947588951501,12.5501827957275
"2886",55.6637755,12.5135924
"2887",55.7718649,12.5051413
"2888",55.6340135,12.6291992
"2889",55.6520089,12.1971455
"2890",55.6947588951501,12.5501827957275
"2891",55.6512783793141,12.6031985165093
"2892",55.6713727777778,12.5580923777778
"2893",55.678016,12.5326186
"2894",56.094705,12.3859617874532
"2895",55.7682789,12.1985549
"2896",55.2746124,14.799119
"2897",55.6512783793141,12.6031985165093
"2898",55.6441712,12.4772091
"2899",55.6947588951501,12.5501827957275
"2900",55.6512783793141,12.6031985165093
"2901",55.6947588951501,12.5501827957275
"2902",55.671077877193,12.5568377192982
"2903",56.0348739,12.6130073
"2904",55.6522136,12.292049
"2905",55.9907777,12.5529633
"2906",55.7957669,12.1593166
"2907",55.681101,12.5807398333333
"2908",55.6751641117242,12.5922390634483
"2909",55.6867243,12.5700724
"2910",55.6806745378947,12.5801441536842
"2911",55.6512783793141,12.6031985165093
"2912",55.6340135,12.6291992
"2913",55.704111,12.4985492
"2914",55.6847622364341,12.5935883372093
"2915",55.6686813291139,12.5489643670886
"2916",56.0590836,12.0742439
"2917",55.678016,12.5326186
"2918",55.678016,12.5326186
"2919",55.7086321570431,12.5262746159423
"2920",55.6813791525424,12.5725722033898
"2921",55.678016,12.5326186
"2922",55.6809049761905,12.5901185714286
"2923",55.6947588951501,12.5501827957275
"2924",55.592487,12.6719953
"2925",55.6947588951501,12.5501827957275
"2926",55.6777284666667,12.5783872
"2927",55.6721677692308,12.5637415384615
"2928",55.6810877969697,12.5887806393939
"2929",55.7071650596541,12.5720185216379
"2930",55.2746124,14.799119
"2931",55.6947588951501,12.5501827957275
"2932",55.6522136,12.292049
"2933",55.6947588951501,12.5501827957275
"2934",55.6512783793141,12.6031985165093
"2935",55.6947588951501,12.5501827957275
"2936",55.678016,12.5326186
"2937",55.6512783793141,12.6031985165093
"2938",55.9285735,12.3063909
"2939",55.6094468,12.3582555
"2940",55.6512783793141,12.6031985165093
"2941",55.6637755,12.5135924
"2942",55.6947588951501,12.5501827957275
"2943",56.0348739,12.6130073
"2944",55.783333,12.383333
"2945",55.0994511,14.7060906
"2946",55.7734417,12.5867628169044
"2947",55.644111,12.4217135
"2948",55.6867243,12.5700724
"2949",55.6512783793141,12.6031985165093
"2950",55.6808374545454,12.5733668787879
"2951",56.0750002,12.5383162
"2952",55.6947588951501,12.5501827957275
"2953",55.6867243,12.5700724
"2954",55.7071650596541,12.5720185216379
"2955",55.736468,12.5088728
"2956",55.6867243,12.5700724
"2957",55.6775028275862,12.5750054137931
"2958",55.6512783793141,12.6031985165093
"2959",55.6790715571429,12.5685601285714
"2960",55.6653901607143,12.5480742857143
"2961",55.6512783793141,12.6031985165093
"2962",55.6843363283582,12.569834119403
"2963",55.6512783793141,12.6031985165093
"2964",55.6803933888889,12.5812455
"2965",55.678016,12.5326186
"2966",55.6512783793141,12.6031985165093
"2967",55.7323761,12.5360326
"2968",55.6484066740699,12.5359428924675
"2969",65.8674223,12.431780401598
"2970",55.68193068625,12.5701693725
"2971",56.0348739,12.6130073
"2972",55.678016,12.5326186
"2973",55.6947588951501,12.5501827957275
"2974",55.6512783793141,12.6031985165093
"2975",55.0994511,14.7060906
"2976",55.6717671428571,12.5723942857143
"2977",55.6947588951501,12.5501827957275
"2978",55.7086321570431,12.5262746159423
"2979",55.704111,12.4985492
"2980",55.6835672,12.4128011280619
"2981",55.2746124,14.799119
"2982",55.6340135,12.6291992
"2983",55.7071650596541,12.5720185216379
"2984",55.6637755,12.5135924
"2985",55.6637755,12.5135924
"2986",55.6094468,12.3582555
"2987",55.6512783793141,12.6031985165093
"2988",55.644111,12.4217135
"2989",55.7086321570431,12.5262746159423
"2990",55.7071650596541,12.5720185216379
"2991",55.6586018,12.3562849
"2992",55.0994511,14.7060906
"2993",55.704111,12.4985492
"2994",55.6947588951501,12.5501827957275
"2995",55.6947588951501,12.5501827957275
"2996",55.9046232,12.4983774
"2997",55.6441712,12.4772091
"2998",55.0684087,14.9097030069965
"2999",55.7071650596541,12.5720185216379
"3000",56.0348739,12.6130073
"3001",55.7086321570431,12.5262746159423
"3002",55.6512783793141,12.6031985165093
"3003",55.68193068625,12.5701693725
"3004",55.678016,12.5326186
"3005",55.6512783793141,12.6031985165093
"3006",55.6947588951501,12.5501827957275
"3007",55.6833411083333,12.564965671875
"3008",55.6720111304348,12.5611560869565
"3009",55.6947588951501,12.5501827957275
"3010",55.7071650596541,12.5720185216379
"3011",55.6777284666667,12.5783872
"3012",55.7086321570431,12.5262746159423
"3013",55.6441712,12.4772091
"3014",55.6844356692308,12.5670883923077
"3015",55.7337006,12.4294512663628
"3016",55.6775028275862,12.5750054137931
"3017",55.704111,12.4985492
"3018",55.6512783793141,12.6031985165093
"3019",56.0348739,12.6130073
"3020",55.6522136,12.292049
"3021",55.7071650596541,12.5720185216379
"3022",55.644111,12.4217135
"3023",55.6705416363636,12.5628529090909
"3024",55.6770014130435,12.5714038
"3025",55.6797655269841,12.5746751714286
"3026",55.681392562069,12.5807914724138
"3027",55.6721879548672,12.5507659775811
"3028",56.0348739,12.6130073
"3029",55.6522136,12.292049
"3030",55.6947588951501,12.5501827957275
"3031",55.6812770666667,12.5839623333333
"3032",55.6799851603774,12.5906083962264
"3033",55.7071650596541,12.5720185216379
"3034",55.6808374545454,12.5733668787879
"3035",55.6702845714286,12.5445737142857
"3036",55.6512783793141,12.6031985165093
"3037",55.6692301794872,12.5440958205128
"3038",55.678016,12.5326186
"3039",55.6834801,12.5776573965753
"3040",55.736468,12.5088728
"3041",55.6512783793141,12.6031985165093
"3042",55.644111,12.4217135
"3043",55.7071650596541,12.5720185216379
"3044",55.6340135,12.6291992
"3045",55.6441712,12.4772091
"3046",55.678016,12.5326186
"3047",55.7086321570431,12.5262746159423
"3048",55.7071650596541,12.5720185216379
"3049",56.0348739,12.6130073
"3050",55.6784017885714,12.5693644428571
"3051",55.6653901607143,12.5480742857143
"3052",55.7500014,11.9619362
"3053",55.6867243,12.5700724
"3054",55.6512783793141,12.6031985165093
"3055",55.6094468,12.3582555
"3056",55.9285735,12.3063909
"3057",55.736468,12.5088728
"3058",55.67820085,12.57187495
"3059",55.677703890625,12.569998640625
"3060",55.6512783793141,12.6031985165093
"3061",55.7336657,12.5655408
"3062",55.66630872,12.55863956
"3063",55.678629375,12.575007475
"3064",55.7337006,12.4294512663628
"3065",55.681392562069,12.5807914724138
"3066",60.5000209,9.0999715
